SNID,CIDint,IDSURVEY,TYPE,zHEL,zHELERR,zCMB,zCMBERR,zHD,zHDERR,VPEC,VPECERR,MWEBV,HOST_ZSPEC,HOST_ZSPECERR,HOST_RA,HOST_DEC,HOST_ANGSEP,HOST_DDLR,HOST_LOGMASS,HOST_LOGMASS_ERR,HOST_COLOR,HOST_COLOR_ERR,PKMJD,PKMJDERR,x1,x1ERR,c,cERR,mB,mBERR,mB_corr,x0,x0ERR,COV_x1_c,COV_x1_x0,COV_c_x0,NDOF,FITPROB,PROB_SCONE,PROB_SNIRFV19,PROB_SNNDESCC,PROB_SNNJ17,PROB_SNNV19,MU,MUERR_FINAL,PROBCC_BEAMS,biasCor_mu,biasCor_muCOVSCALE,biasCor_muCOVADD,Found
SN2001ah,48.0,63.0,1.0,0.05776,1e-05,0.05837,1e-05,0.05886,0.00088,-138.06,250.0,0.01,-9.0,-9.0,-999.0,-999.0,-9.0,-9.0,11.02,0.17,0.99,-999.0,52006.9609,0.577,1.5227,0.4264,-0.0367,0.0197,17.4172,0.04,17.8399,0.0019369,7.1276e-05,0.0012,-0.0,-0.0,24.0,0.8911,-9.0,-9.0,-9.0,-9.0,-9.0,37.1631,0.1344,0.0,-0.0444,1.0,0.0032,True
SN2001ay,135.0,63.0,1.0,0.03025,1e-05,0.03093,1e-05,0.03085,0.00086,24.84,250.0,0.02,-9.0,-9.0,-999.0,-999.0,-9.0,-9.0,10.63,0.1,1.16,-999.0,52024.2031,0.3673,2.2595,0.2015,0.1729,0.0205,16.4234,0.0302,16.3732,0.0048379,0.00013473,0.0002,-0.0,-0.0,25.0,0.2511,-9.0,-9.0,-9.0,-9.0,-9.0,35.6964,0.1741,0.0,-0.1067,1.0,0.0201,True
SN2001az,153.0,63.0,1.0,0.04069,9e-05,0.04059,9e-05,0.04101,0.00087,-120.83,250.0,0.04,-9.0,-9.0,-999.0,-999.0,-9.0,-9.0,10.52,0.08,1.31,-999.0,52031.8359,0.7532,1.0685,0.4271,-0.0522,0.0204,16.7311,0.0324,17.1236,0.0036437,0.00010859,0.0041,0.0,-0.0,19.0,0.9769,-9.0,-9.0,-9.0,-9.0,-9.0,36.4468,0.0979,0.0,-0.0392,1.0,0.0033,True
SN2001eh,49.0,63.0,1.0,0.03713,0.00016,0.03627,0.00016,0.03725,0.00088,-283.42,250.0,0.05,-9.0,-9.0,-999.0,-999.0,-9.0,-9.0,10.97,0.2,1.34,-999.0,52169.8945,0.3932,1.5684,0.174,-0.0172,0.0145,16.3921,0.0199,16.7646,0.0049791,9.1191e-05,-0.0001,0.0,-0.0,41.0,0.8053,-9.0,-9.0,-9.0,-9.0,-9.0,36.0879,0.1099,0.0,-0.0479,1.0,0.0052,True
SN2002bf,110.0,63.0,1.0,0.02438,1e-05,0.02494,1e-05,0.02525,0.00085,-91.72,250.0,0.01,-9.0,-9.0,-999.0,-999.0,-9.0,-9.0,10.58,0.14,1.29,-999.0,52338.5508,0.8279,-2.3418,0.3537,-0.1144,0.0876,15.7745,0.1545,15.7884,0.008794,0.0012512,0.0216,-0.0003,-0.0001,9.0,0.9748,-9.0,-9.0,-9.0,-9.0,-9.0,35.1116,0.1442,0.0,-0.0152,1.0,0.0029,True
SN2002he,14.0,63.0,1.0,0.02441,8e-05,0.02469,8e-05,0.02519,0.00086,-146.36,250.0,0.03,-9.0,-9.0,-999.0,-999.0,-9.0,-9.0,11.15,0.37,1.62,-999.0,52586.0938,0.1231,-1.5875,0.2336,-0.022,0.0297,16.0251,0.0482,15.9267,0.0069819,0.00031003,0.0045,-0.0001,-0.0,28.0,0.9909,-9.0,-9.0,-9.0,-9.0,-9.0,35.2499,0.1249,0.0,-0.0695,1.0,0.005,True
SN2002hu,133.0,63.0,1.0,0.0367,0.001,0.03591,0.001,0.03705,0.00132,-326.81,250.0,0.04,-9.0,-9.0,-999.0,-999.0,-9.0,-9.0,10.46,0.23,1.03,-999.0,52592.6602,0.1608,0.4639,0.1413,-0.0522,0.0151,16.4135,0.0192,16.7169,0.0048821,8.6496e-05,0.0008,-0.0,-0.0,39.0,0.9378,-9.0,-9.0,-9.0,-9.0,-9.0,36.0401,0.0973,0.0,-0.0471,1.0,0.0033,True
SN2003U,195.0,63.0,1.0,0.0281,0.0,0.02794,0.0,0.02833,0.00086,-113.64,250.0,0.03,-9.0,-9.0,-999.0,-999.0,-9.0,-9.0,10.42,0.12,0.75,-999.0,52677.418,0.1913,-2.0367,0.4769,-0.013,0.0335,16.249,0.0458,16.0499,0.0056808,0.00023942,0.0089,-0.0001,-0.0,13.0,0.998,-9.0,-9.0,-9.0,-9.0,-9.0,35.3731,0.1363,0.0,-0.0694,1.0,0.0056,True
SN2003ch,93.0,63.0,1.0,0.02833,0.00012,0.02895,0.00012,0.02919,0.00087,-71.23,250.0,0.06,-9.0,-9.0,-999.0,-999.0,-9.0,-9.0,10.74,0.12,1.45,-999.0,52726.0469,0.3198,-1.2541,0.175,-0.0279,0.018,16.4464,0.025,16.4097,0.0047362,0.00010902,-0.0001,0.0,-0.0,19.0,0.1901,-9.0,-9.0,-9.0,-9.0,-9.0,35.733,0.1171,0.0,-0.0594,1.0,0.0046,True
SN2003fa,136.0,63.0,1.0,0.04039,0.00012,0.04015,0.00012,0.04056,0.00088,-119.78,250.0,0.03,-9.0,-9.0,-999.0,-999.0,-9.0,-9.0,10.83,0.2,1.06,-999.0,52807.4727,0.0961,1.5622,0.1286,-0.0173,0.0153,16.4822,0.0202,16.8535,0.0045828,8.5128e-05,0.0008,-0.0,-0.0,63.0,0.9978,-9.0,-9.0,-9.0,-9.0,-9.0,36.1767,0.1037,0.0,-0.0472,1.0,0.005,True
SN2003ic,111.0,63.0,1.0,0.05311,2e-05,0.05196,2e-05,0.05126,0.00088,198.53,250.0,0.03,-9.0,-9.0,-999.0,-999.0,-9.0,-9.0,11.58,0.15,1.6,-999.0,52906.2891,0.9537,-1.5812,0.2614,-0.0123,0.0279,17.3593,0.0571,17.2349,0.002043,0.0001075,-0.0003,0.0,-0.0,15.0,0.3858,-9.0,-9.0,-9.0,-9.0,-9.0,36.5582,0.1175,0.0,-0.073,1.0,0.0047,True
SN2003it,29.0,63.0,1.0,0.02528,1e-05,0.02413,1e-05,0.0251,0.00085,-284.91,250.0,0.06,-9.0,-9.0,-999.0,-999.0,-9.0,-9.0,10.72,0.22,1.44,-999.0,52935.1641,0.555,-1.6026,0.2497,0.0622,0.0221,16.1412,0.028,15.799,0.0062736,0.00016157,0.0009,-0.0,-0.0,12.0,0.9252,-9.0,-9.0,-9.0,-9.0,-9.0,35.1222,0.1555,0.0,-0.0908,1.0,0.0121,True
SN2003iv,69.0,63.0,1.0,0.03426,0.00016,0.03351,0.00016,0.03491,0.00088,-405.52,250.0,0.12,-9.0,-9.0,-999.0,-999.0,-9.0,-9.0,10.98,0.16,1.36,-999.0,52934.0391,0.4046,-2.0278,0.2832,-0.0545,0.0238,16.7843,0.0344,16.6978,0.0034694,0.00010998,0.0009,-0.0,-0.0,12.0,0.9987,-9.0,-9.0,-9.0,-9.0,-9.0,36.0211,0.1146,0.0,-0.0509,1.0,0.0033,True
SN2004L,13.0,63.0,1.0,0.03229,1e-05,0.03344,1e-05,0.03373,0.00086,-83.47,250.0,0.03,-9.0,-9.0,-999.0,-999.0,-9.0,-9.0,10.45,0.1,0.93,-999.0,53028.6641,0.0231,-0.4404,0.1925,0.1431,0.0222,16.985,0.0459,16.579,0.0028841,0.00012192,0.0006,-0.0,-0.0,24.0,0.0409,-9.0,-9.0,-9.0,-9.0,-9.0,35.9022,0.17,0.0,-0.0923,1.0,0.018,True
SN2004as,197.0,63.0,1.0,0.03139,1e-05,0.0325,1e-05,0.03296,0.00086,-136.07,250.0,0.01,-9.0,-9.0,-999.0,-999.0,-9.0,-9.0,8.68,0.21,-0.06,-999.0,53086.1523,0.1953,0.3248,0.1951,0.0487,0.0189,16.7045,0.0232,16.6157,0.0037342,7.9933e-05,0.0008,-0.0,-0.0,23.0,0.6824,-9.0,-9.0,-9.0,-9.0,-9.0,35.9389,0.158,0.0,-0.0296,1.0,0.0164,True
SN2004ef,0.0,64.0,1.0,0.03101,2e-05,0.02978,2e-05,0.03012,0.00086,-99.55,250.0,0.05,-9.0,-9.0,-999.0,-999.0,-9.0,-9.0,10.82,0.17,1.06,-999.0,53264.7148,0.0486,-1.4005,0.0373,0.0738,0.0098,16.5993,0.013,16.256,0.004114,4.9282e-05,0.0,-0.0,-0.0,224.0,1.0,-9.0,-9.0,-9.0,-9.0,-9.0,35.5792,0.1422,0.0,-0.0934,1.0,0.0132,True
SN2004gc,123.0,5.0,1.0,0.03192,6e-05,0.03196,6e-05,0.03267,0.00086,-206.04,250.0,0.18,-9.0,-9.0,-999.0,-999.0,-9.0,-9.0,10.3,0.14,1.32,-999.0,53326.3633,0.2686,-0.707,0.0645,0.1075,0.0158,16.524,0.0404,16.1816,0.0044097,0.00016409,-0.0001,0.0,-0.0,86.0,0.7231,-9.0,-9.0,-9.0,-9.0,-9.0,35.5048,0.1501,0.0,-0.0876,1.0,0.0155,True
SN2004gs,126.0,5.0,1.0,0.0274,1e-05,0.02829,1e-05,0.02857,0.00086,-79.75,250.0,0.03,-9.0,-9.0,-999.0,-999.0,-9.0,-9.0,10.61,0.13,1.47,-999.0,53356.2422,0.1097,-1.8871,0.0455,0.1535,0.0125,16.894,0.0133,16.2347,0.0031361,3.8363e-05,-0.0,-0.0,-0.0,121.0,0.3839,-9.0,-9.0,-9.0,-9.0,-9.0,35.5579,0.165,0.0,-0.1041,1.0,0.0191,True
SN2004gu,46.0,5.0,1.0,0.04558,2e-05,0.0467,2e-05,0.04664,0.00087,18.53,250.0,0.02,-9.0,-9.0,-999.0,-999.0,-9.0,-9.0,10.22,0.22,1.48,-999.0,53363.0703,0.1505,1.3944,0.0782,0.0757,0.0112,17.1573,0.0122,17.247,0.0024609,2.7738e-05,-0.0,-0.0,-0.0,123.0,0.9962,-9.0,-9.0,-9.0,-9.0,-9.0,36.5702,0.1267,0.0,-0.0828,1.0,0.0109,True
SN2005M,77.0,64.0,1.0,0.02484,5e-05,0.02584,5e-05,0.02598,0.00086,-42.12,250.0,0.03,-9.0,-9.0,-999.0,-999.0,-9.0,-9.0,9.93,0.08,0.49,-999.0,53406.7539,0.0527,1.2017,0.0487,-0.0015,0.01,15.6523,0.0107,15.8521,0.0098418,9.718e-05,0.0,-0.0,-0.0,198.0,0.9991,-9.0,-9.0,-9.0,-9.0,-9.0,35.1753,0.1363,0.0,-0.0206,1.0,0.0103,True
SN2005eq,55.0,64.0,1.0,0.02893,1e-05,0.02831,1e-05,0.02823,0.00086,23.08,250.0,0.06,-9.0,-9.0,-999.0,-999.0,-9.0,-9.0,10.62,0.08,1.03,-999.0,53655.0977,0.092,1.3615,0.0601,0.0013,0.0092,16.0295,0.0158,16.3199,0.0069534,0.00010092,0.0,-0.0,-0.0,180.0,1.0,-9.0,-9.0,-9.0,-9.0,-9.0,35.6431,0.1175,0.0,-0.0568,1.0,0.0065,True
SN2005eu,89.0,64.0,1.0,0.03449,0.005,0.03369,0.005,0.03516,0.00507,-427.55,250.0,0.11,-9.0,-9.0,-999.0,-999.0,-9.0,-9.0,9.15,0.03,0.72,-999.0,53660.6484,0.1275,1.1121,0.1059,-0.1,0.0212,16.2122,0.0344,16.6861,0.0058767,0.00018607,0.0001,-0.0,-0.0,91.0,0.3504,-9.0,-9.0,-9.0,-9.0,-9.0,36.0093,0.1232,0.0,-0.002,1.0,0.0046,True
SN2005hc,76.0,64.0,1.0,0.04592,2e-05,0.04496,2e-05,0.04575,0.00087,-228.69,250.0,0.03,-9.0,-9.0,-999.0,-999.0,-9.0,-9.0,10.48,0.08,1.28,-999.0,53668.1484,0.1018,0.8642,0.0708,-0.037,0.0085,17.0626,0.0101,17.3853,0.0026852,2.4883e-05,0.0001,-0.0,-0.0,155.0,0.958,-9.0,-9.0,-9.0,-9.0,-9.0,36.7085,0.0902,0.0,-0.0495,1.0,0.0037,True
SN2005hj,99.0,64.0,1.0,0.05739,1e-05,0.05631,1e-05,0.05708,0.00088,-217.88,250.0,0.03,-9.0,-9.0,-999.0,-999.0,-9.0,-9.0,9.49,0.15,1.1,-999.0,53674.7891,0.2406,1.6156,0.1253,-0.0119,0.0108,17.4747,0.0135,17.7828,0.001837,2.2841e-05,0.0002,-0.0,-0.0,85.0,0.5453,-9.0,-9.0,-9.0,-9.0,-9.0,37.1061,0.1095,0.0,-0.0299,1.0,0.0076,True
SN2005iq,141.0,64.0,1.0,0.03404,0.00012,0.03292,0.00012,0.03341,0.00087,-141.55,250.0,0.02,-9.0,-9.0,-999.0,-999.0,-9.0,-9.0,10.49,0.08,1.13,-999.0,53688.1797,0.0771,-1.0282,0.0628,-0.0984,0.0091,16.5153,0.0097,16.6983,0.004445,3.9846e-05,0.0001,-0.0,-0.0,136.0,0.9602,-9.0,-9.0,-9.0,-9.0,-9.0,36.0215,0.0943,0.0,-0.0228,1.0,0.003,True
SN2005ir,159.0,64.0,1.0,0.07603,1e-05,0.0749,1e-05,0.0752,0.0009,-83.86,250.0,0.03,-9.0,-9.0,-999.0,-999.0,-9.0,-9.0,10.08,0.1,0.78,-999.0,53685.2227,0.2475,1.1155,0.1624,-0.014,0.0114,18.1602,0.0126,18.4632,0.0009771,1.1341e-05,0.0003,-0.0,-0.0,77.0,0.1178,-9.0,-9.0,-9.0,-9.0,-9.0,37.7864,0.0776,0.0,-0.0611,1.0,0.002,True
SN2005ku,124.0,5.0,1.0,0.04525,1e-05,0.04397,1e-05,0.04439,0.00087,-120.6,250.0,0.05,-9.0,-9.0,-999.0,-999.0,-9.0,-9.0,9.93,0.13,0.8,-999.0,53699.5117,0.3001,-0.0773,0.1768,0.0733,0.0146,17.3078,0.0183,17.0916,0.0021423,3.6206e-05,0.0003,0.0,-0.0,25.0,0.0271,-9.0,-9.0,-9.0,-9.0,-9.0,36.4148,0.1588,0.0,-0.0435,1.0,0.0188,True
SN2005lz,11.0,64.0,1.0,0.04624,0.00014,0.04541,0.00014,0.04643,0.00088,-292.46,250.0,0.08,-9.0,-9.0,-999.0,-999.0,-9.0,-9.0,11.04,0.26,1.47,-999.0,53736.3945,0.1737,-1.2436,0.1532,0.0473,0.0182,17.3675,0.0266,17.1291,0.0020277,4.9654e-05,0.0002,-0.0,-0.0,44.0,0.8987,-9.0,-9.0,-9.0,-9.0,-9.0,36.4523,0.1238,0.0,-0.0905,1.0,0.0088,True
SN2005ms,148.0,64.0,1.0,0.02522,1e-05,0.02595,1e-05,0.02669,0.00086,-217.49,250.0,0.03,-9.0,-9.0,-999.0,-999.0,-9.0,-9.0,10.33,0.1,0.75,-999.0,53744.0508,0.1078,0.5321,0.1044,-0.0361,0.0154,15.8881,0.02,16.1596,0.0079206,0.00014612,0.0004,-0.0,-0.0,39.0,0.9885,-9.0,-9.0,-9.0,-9.0,-9.0,35.4828,0.1124,0.0,-0.0546,1.0,0.004,True
SN2005na,100.0,64.0,1.0,0.02665,8e-05,0.02717,8e-05,0.02748,0.00086,-88.88,250.0,0.07,-9.0,-9.0,-999.0,-999.0,-9.0,-9.0,11.11,0.26,1.47,-999.0,53741.4062,0.132,-0.3651,0.0552,-0.0624,0.01,15.7401,0.017,15.9407,0.009077,0.00014198,0.0,-0.0,-0.0,142.0,0.0211,-9.0,-9.0,-9.0,-9.0,-9.0,35.2639,0.1039,0.0,-0.0458,1.0,0.0034,True
SN2006S,27.0,64.0,1.0,0.03224,1e-05,0.0331,1e-05,0.03393,0.00086,-240.12,250.0,0.01,-9.0,-9.0,-999.0,-999.0,-9.0,-9.0,10.45,0.1,0.99,-999.0,53770.4648,0.122,1.0013,0.0829,0.0357,0.0132,16.575,0.0149,16.7156,0.0042071,5.7871e-05,0.0001,-0.0,-0.0,80.0,0.9999,-9.0,-9.0,-9.0,-9.0,-9.0,36.0388,0.1258,0.0,-0.0721,1.0,0.0092,True
SN2006al,67.0,64.0,1.0,0.0678,2e-05,0.06908,2e-05,0.06886,0.00089,60.41,250.0,0.02,-9.0,-9.0,-999.0,-999.0,-9.0,-9.0,10.05,0.12,1.38,-999.0,53787.4727,0.6478,-1.3643,0.2823,-0.0918,0.0253,18.1432,0.0484,18.264,0.00099249,4.4209e-05,0.002,-0.0,-0.0,28.0,0.8574,-9.0,-9.0,-9.0,-9.0,-9.0,37.5872,0.1065,0.0,-0.0354,1.0,0.002,True
SN2006az,129.0,64.0,1.0,0.03103,1e-05,0.03158,1e-05,0.03201,0.00086,-124.25,250.0,0.01,-9.0,-9.0,-999.0,-999.0,-9.0,-9.0,11.15,0.09,1.62,-999.0,53826.8867,0.1166,-1.3312,0.058,-0.0634,0.0132,16.2217,0.0152,16.2687,0.0058252,8.1788e-05,0.0001,-0.0,-0.0,115.0,0.9808,-9.0,-9.0,-9.0,-9.0,-9.0,35.5919,0.0999,0.0,-0.0448,1.0,0.0033,True
SN2006cf,174.0,64.0,1.0,0.04146,1e-05,0.04223,1e-05,0.04268,0.00087,-129.54,250.0,0.01,-9.0,-9.0,-999.0,-999.0,-9.0,-9.0,10.81,0.1,0.93,-999.0,53874.207,0.6571,-0.2387,0.2848,-0.1019,0.0261,16.7891,0.0425,17.1092,0.0034544,0.00013536,0.0014,-0.0,-0.0,10.0,0.0747,-9.0,-9.0,-9.0,-9.0,-9.0,36.4324,0.1039,0.0,-0.022,1.0,0.0027,True
SN2006cq,152.0,64.0,1.0,0.04844,2e-05,0.04928,2e-05,0.04944,0.00088,-44.67,250.0,0.01,-9.0,-9.0,-999.0,-999.0,-9.0,-9.0,11.16,0.34,1.36,-999.0,53890.4375,0.5474,1.0172,0.4248,0.0192,0.0184,17.3388,0.0209,17.526,0.0020821,4.0098e-05,0.0035,-0.0,-0.0,16.0,0.8387,-9.0,-9.0,-9.0,-9.0,-9.0,36.8492,0.1207,0.0,-0.0647,1.0,0.0065,True
SN2006en,66.0,64.0,1.0,0.03198,1e-05,0.03081,1e-05,0.03162,0.00086,-236.15,250.0,0.06,-9.0,-9.0,-999.0,-999.0,-9.0,-9.0,10.91,0.15,1.05,-999.0,53972.2695,0.4164,0.1057,0.125,0.0475,0.0169,16.5291,0.0317,16.4939,0.004389,0.00012826,-0.0003,0.0,-0.0,41.0,0.4833,-9.0,-9.0,-9.0,-9.0,-9.0,35.8171,0.1326,0.0,-0.0771,1.0,0.0104,True
SN2006ev,78.0,64.0,1.0,0.02873,1e-05,0.02759,1e-05,0.0281,0.00086,-149.12,250.0,0.08,-9.0,-9.0,-999.0,-999.0,-9.0,-9.0,10.8,0.16,1.47,-999.0,53989.7461,0.2906,-1.3466,0.0872,0.0724,0.016,16.7667,0.0321,16.4372,0.0035262,0.00010414,0.0,0.0,-0.0,73.0,1.0,-9.0,-9.0,-9.0,-9.0,-9.0,35.7604,0.1454,0.0,-0.094,1.0,0.0132,True
SN2006gr,91.0,64.0,1.0,0.03467,1e-05,0.03352,1e-05,0.03428,0.00086,-220.64,250.0,0.07,-9.0,-9.0,-999.0,-999.0,-9.0,-9.0,10.72,0.09,1.22,-999.0,54013.3555,0.0896,0.9424,0.086,0.0722,0.0133,16.7305,0.0203,16.7565,0.0036459,6.8127e-05,0.0001,-0.0,-0.0,71.0,0.9604,-9.0,-9.0,-9.0,-9.0,-9.0,36.0797,0.1398,0.0,-0.0808,1.0,0.0129,True
SN2006lu,6.0,5.0,1.0,0.0534,9e-05,0.05449,9e-05,0.05346,0.00088,291.11,250.0,0.1,-9.0,-9.0,-999.0,-999.0,-9.0,-9.0,10.25,0.09,0.97,-999.0,54036.3984,0.3974,0.3094,0.0965,-0.0921,0.0152,17.264,0.0321,17.6449,0.0022304,6.5904e-05,-0.0002,0.0,-0.0,52.0,0.9814,-9.0,-9.0,-9.0,-9.0,-9.0,36.9681,0.0844,0.0,-0.0252,1.0,0.0025,True
SN2006mo,176.0,64.0,1.0,0.03718,0.00016,0.03616,0.00016,0.03702,0.00088,-249.26,250.0,0.04,-9.0,-9.0,-999.0,-999.0,-9.0,-9.0,10.76,0.08,1.54,-999.0,54047.4336,0.3274,-2.2735,0.1325,0.0381,0.022,17.1496,0.0342,16.7659,0.0024782,7.8172e-05,-0.0001,0.0,-0.0,30.0,0.5011,-9.0,-9.0,-9.0,-9.0,-9.0,36.0891,0.1315,0.0,-0.082,1.0,0.0094,True
SN2006oa,193.0,64.0,1.0,0.06257,1e-05,0.06142,1e-05,0.06153,0.00089,-33.08,250.0,0.03,-9.0,-9.0,-999.0,-999.0,-9.0,-9.0,8.91,0.46,0.67,-999.0,54067.1367,0.1618,1.4449,0.2524,-0.0119,0.0161,17.6365,0.0208,17.9218,0.0015827,3.0314e-05,0.0017,-0.0,-0.0,51.0,0.7892,-9.0,-9.0,-9.0,-9.0,-9.0,37.245,0.11,0.0,-0.0344,1.0,0.0066,True
SN2006ob,1.0,64.0,1.0,0.0586,4e-05,0.0576,4e-05,0.05824,0.00088,-179.42,250.0,0.03,-9.0,-9.0,-999.0,-999.0,-9.0,-9.0,11.18,0.08,1.44,-999.0,54063.543,0.1439,-2.0999,0.0979,-0.0097,0.013,17.9537,0.0151,17.7473,0.0011817,1.644e-05,0.0002,-0.0,-0.0,95.0,0.9574,-9.0,-9.0,-9.0,-9.0,-9.0,37.0706,0.0919,0.0,-0.0826,1.0,0.004,True
SN2006on,106.0,64.0,1.0,0.07191,1e-05,0.07068,1e-05,0.07089,0.00089,-60.92,250.0,0.12,-9.0,-9.0,-999.0,-999.0,-9.0,-9.0,10.17,0.12,1.31,-999.0,54065.1523,0.6004,-0.4463,0.5946,0.084,0.0471,18.1973,0.0616,18.0136,0.00094424,5.3546e-05,0.0182,-0.0,-0.0,19.0,0.088,-9.0,-9.0,-9.0,-9.0,-9.0,37.3368,0.1235,0.0,-0.1313,1.0,0.0039,True
SN2006py,45.0,5.0,1.0,0.05787,1e-05,0.05658,1e-05,0.05653,0.00088,14.34,250.0,0.05,-9.0,-9.0,-999.0,-999.0,-9.0,-9.0,9.8,0.14,1.33,-999.0,54071.4141,0.3533,0.1168,0.2702,0.0154,0.016,17.6204,0.0196,17.619,0.0016064,2.8973e-05,0.0019,-0.0,-0.0,28.0,0.7901,-9.0,-9.0,-9.0,-9.0,-9.0,36.9422,0.1236,0.0,-0.0467,1.0,0.0098,True
SN2006qo,151.0,64.0,1.0,0.02837,8e-05,0.02871,8e-05,0.02898,0.00086,-77.26,250.0,0.03,-9.0,-9.0,-999.0,-999.0,-9.0,-9.0,10.81,0.12,1.55,-999.0,54083.1094,0.1176,0.5236,0.073,0.2029,0.0143,16.6094,0.0189,16.1752,0.004076,7.0805e-05,0.0001,-0.0,-0.0,60.0,0.6474,-9.0,-9.0,-9.0,-9.0,-9.0,35.4984,0.1733,0.0,-0.0953,1.0,0.0217,True
SN2006te,131.0,64.0,1.0,0.03155,1e-05,0.03212,1e-05,0.0329,0.00086,-227.18,250.0,0.04,-9.0,-9.0,-999.0,-999.0,-9.0,-9.0,10.26,0.08,1.08,-999.0,54097.3438,0.3938,0.0373,0.1107,-0.0432,0.0182,16.3167,0.0299,16.5304,0.0053372,0.00014702,-0.0005,0.0,-0.0,55.0,0.7651,-9.0,-9.0,-9.0,-9.0,-9.0,35.8536,0.1031,0.0,-0.0541,1.0,0.0035,True
SN2007O,149.0,64.0,1.0,0.03694,1e-05,0.03732,1e-05,0.03818,0.00087,-245.95,250.0,0.02,-9.0,-9.0,-999.0,-999.0,-9.0,-9.0,10.76,0.05,0.89,-999.0,54124.7305,0.4441,-0.2963,0.1206,-0.0579,0.0188,16.4929,0.033,16.6914,0.0045379,0.00013774,-0.0003,0.0,-0.0,49.0,0.2813,-9.0,-9.0,-9.0,-9.0,-9.0,36.0146,0.097,0.0,-0.0469,1.0,0.0033,True
SN2007R,173.0,64.0,1.0,0.03081,1e-05,0.03126,1e-05,0.03174,0.00086,-140.28,250.0,0.04,-9.0,-9.0,-999.0,-999.0,-9.0,-9.0,11.01,0.14,1.33,-999.0,54129.5664,0.3632,-1.4852,0.1201,-0.0919,0.0219,16.4394,0.0391,16.5341,0.0047669,0.00017147,0.0003,0.0,-0.0,54.0,0.9563,-9.0,-9.0,-9.0,-9.0,-9.0,35.8573,0.0987,0.0,-0.0283,1.0,0.003,True
SN2007ae,9.0,64.0,1.0,0.06499,0.00036,0.06485,0.00036,0.06533,0.00096,-135.09,250.0,0.04,-9.0,-9.0,-999.0,-999.0,-9.0,-9.0,11.24,0.06,1.09,-999.0,54154.2891,0.6101,0.9664,0.218,-0.0179,0.0174,17.5415,0.0321,17.8327,0.0017275,5.1142e-05,-0.0003,0.0,-0.0,44.0,0.5341,-9.0,-9.0,-9.0,-9.0,-9.0,37.1559,0.0909,0.0,-0.0612,1.0,0.0031,True
SN2007bd,2.0,64.0,1.0,0.03044,0.0001,0.03141,0.0001,0.0312,0.00087,62.7,250.0,0.03,-9.0,-9.0,-999.0,-999.0,-9.0,-9.0,10.64,0.11,1.25,-999.0,54206.9336,0.0703,-1.0613,0.0598,-0.07,0.0104,16.2702,0.012,16.3777,0.0055707,6.1673e-05,0.0,-0.0,-0.0,91.0,0.4077,-9.0,-9.0,-9.0,-9.0,-9.0,35.7009,0.099,0.0,-0.0413,1.0,0.0033,True
SN2007co,128.0,64.0,1.0,0.02696,0.00011,0.02655,0.00011,0.02731,0.00086,-221.82,250.0,0.1,-9.0,-9.0,-999.0,-999.0,-9.0,-9.0,10.41,0.11,0.96,-999.0,54265.0898,0.1013,-0.0623,0.0925,0.07,0.0131,16.2452,0.0235,16.1108,0.0057007,0.00012315,0.0,-0.0,-0.0,99.0,0.7003,-9.0,-9.0,-9.0,-9.0,-9.0,35.434,0.1498,0.0,-0.0751,1.0,0.0129,True
SN2007cq,107.0,64.0,1.0,0.02604,8e-05,0.02481,8e-05,0.0251,0.00086,-83.97,250.0,0.09,-9.0,-9.0,-999.0,-999.0,-9.0,-9.0,9.74,0.17,0.78,-999.0,54281.1211,0.112,-0.2122,0.1832,-0.0076,0.0152,15.6256,0.025,15.6321,0.010087,0.00023261,0.001,-0.0,-0.0,45.0,0.956,-9.0,-9.0,-9.0,-9.0,-9.0,34.9553,0.1382,0.0,-0.0356,1.0,0.0096,True
SN2007hu,157.0,65.0,1.0,0.03518,1e-05,0.03518,1e-05,0.03551,0.00086,-94.25,250.0,0.04,-9.0,-9.0,-999.0,-999.0,-9.0,-9.0,10.99,0.03,1.66,-999.0,54355.4375,0.0609,-1.7583,0.537,0.2576,0.0493,17.5801,0.087,16.6184,0.001667,0.00013357,0.0089,-0.0,-0.0,14.0,0.2654,-9.0,-9.0,-9.0,-9.0,-9.0,35.9416,0.2081,0.0,-0.1055,1.0,0.0211,True
SN2007is,137.0,65.0,1.0,0.02953,1e-05,0.02953,1e-05,0.02866,0.00086,253.02,250.0,0.02,-9.0,-9.0,-999.0,-999.0,-9.0,-9.0,10.65,0.15,1.09,-999.0,54366.3867,0.5672,-0.0866,0.1903,-0.0039,0.0205,16.1561,0.0309,16.242,0.006188,0.00017639,-0.0009,0.0,-0.0,19.0,0.0818,-9.0,-9.0,-9.0,-9.0,-9.0,35.5652,0.1265,0.0,-0.0688,1.0,0.0062,True
SN2007jg,169.0,5.0,1.0,0.03707,1e-05,0.03652,1e-05,0.03756,0.00086,-297.74,250.0,0.09,-9.0,-9.0,-999.0,-999.0,-9.0,-9.0,9.52,0.12,1.41,-999.0,54366.9727,0.1589,-0.4295,0.0931,-0.0087,0.0132,16.9987,0.0216,16.9738,0.002848,5.6749e-05,0.0001,-0.0,-0.0,66.0,0.9946,-9.0,-9.0,-9.0,-9.0,-9.0,36.297,0.1253,0.0,-0.0359,1.0,0.0096,True
SN2007kk,34.0,65.0,1.0,0.04177,0.00016,0.0413,0.00016,0.04285,0.00088,-446.69,250.0,0.2,-9.0,-9.0,-999.0,-999.0,-9.0,-9.0,11.05,0.08,0.84,-999.0,54383.5547,0.3351,0.9572,0.1458,-0.0075,0.0175,16.7002,0.0419,16.9562,0.003749,0.00014458,-0.0001,0.0,-0.0,92.0,0.8266,-9.0,-9.0,-9.0,-9.0,-9.0,36.2794,0.1071,0.0,-0.0598,1.0,0.0055,True
SN2007nq,41.0,65.0,1.0,0.04389,6e-05,0.04275,6e-05,0.04349,0.00087,-212.65,250.0,0.03,-9.0,-9.0,-999.0,-999.0,-9.0,-9.0,11.16,0.1,1.56,-999.0,54398.4805,0.1723,-1.7445,0.0697,-0.0416,0.0117,17.1094,0.0162,17.0354,0.0025717,3.8414e-05,0.0001,-0.0,-0.0,137.0,1.0,-9.0,-9.0,-9.0,-9.0,-9.0,36.3586,0.0911,0.0,-0.0581,1.0,0.0034,True
SN2007ob,35.0,65.0,1.0,0.03389,1e-05,0.03263,1e-05,0.03243,0.00086,56.59,250.0,0.06,-9.0,-9.0,-999.0,-999.0,-9.0,-9.0,10.08,0.05,1.54,-999.0,54402.9414,0.6095,-0.3612,0.2413,0.23,0.0245,17.0804,0.0513,16.3997,0.0026415,0.00012487,0.0001,0.0,-0.0,32.0,0.6158,-9.0,-9.0,-9.0,-9.0,-9.0,35.7229,0.1907,0.0,-0.0758,1.0,0.0214,True
SN2007sw,95.0,65.0,1.0,0.02428,6e-05,0.025,6e-05,0.02517,0.00086,-50.84,250.0,0.02,-9.0,-9.0,-999.0,-999.0,-9.0,-9.0,10.48,0.15,1.07,-999.0,54467.9688,0.3177,0.4668,0.1277,0.0595,0.0181,15.9738,0.0259,15.9583,0.0073194,0.0001744,0.0001,0.0,-0.0,68.0,0.4504,-9.0,-9.0,-9.0,-9.0,-9.0,35.2815,0.147,0.0,-0.0761,1.0,0.0118,True
SN2007ux,58.0,65.0,1.0,0.0307,1e-05,0.03183,1e-05,0.03264,0.00086,-233.21,250.0,0.04,-9.0,-9.0,-999.0,-999.0,-9.0,-9.0,10.19,0.08,1.4,-999.0,54464.1758,0.2587,-2.17,0.0618,0.0904,0.0137,16.9745,0.0234,16.4535,0.002912,6.2796e-05,-0.0001,0.0,-0.0,125.0,0.0124,-9.0,-9.0,-9.0,-9.0,-9.0,35.7767,0.1461,0.0,-0.091,1.0,0.0143,True
SN2008050,2008050.0,65.0,1.0,0.04526,0.0002,0.04627,0.0002,0.04625,0.0009,6.39,250.0,0.02,-9.0,-9.0,-999.0,-999.0,-9.0,-9.0,9.62,0.08,0.9,-999.0,54621.0469,0.4146,1.4807,0.3004,0.0389,0.025,16.9151,0.0345,17.0401,0.0030759,9.7597e-05,0.0033,-0.0,-0.0,42.0,0.7001,-9.0,-9.0,-9.0,-9.0,-9.0,36.3633,0.1452,0.0,-0.027,1.0,0.014,True
SN2008051,2008051.0,65.0,1.0,0.03777,6e-05,0.03835,6e-05,0.03873,0.00087,-109.18,250.0,0.04,-9.0,-9.0,-999.0,-999.0,-9.0,-9.0,9.1,0.08,0.86,-999.0,54617.1406,0.3502,0.7593,0.1555,-0.1065,0.0172,16.3947,0.0262,16.8304,0.0049671,0.00011965,0.0004,-0.0,-0.0,54.0,0.9876,-9.0,-9.0,-9.0,-9.0,-9.0,36.1536,0.1039,0.0,-0.0002,1.0,0.0045,True
SN2008ar,103.0,65.0,1.0,0.02617,1e-05,0.02732,1e-05,0.02849,0.00086,-342.8,250.0,0.03,-9.0,-9.0,-999.0,-999.0,-9.0,-9.0,10.31,0.2,1.12,-999.0,54535.1289,0.0718,0.0202,0.0521,-0.0383,0.0092,15.9459,0.0118,16.1438,0.0075097,8.1739e-05,0.0,-0.0,-0.0,131.0,0.9759,-9.0,-9.0,-9.0,-9.0,-9.0,35.4671,0.1046,0.0,-0.0566,1.0,0.0039,True
SN2008bz,143.0,65.0,1.0,0.06015,1e-05,0.0613,1e-05,0.06099,0.00089,88.72,250.0,0.02,-9.0,-9.0,-999.0,-999.0,-9.0,-9.0,10.47,0.1,1.16,-999.0,54579.5312,0.2469,-0.4168,0.1092,-0.13,0.0111,17.6531,0.0155,18.0164,0.0015587,2.2212e-05,-0.0,0.0,-0.0,81.0,0.3686,-9.0,-9.0,-9.0,-9.0,-9.0,37.3396,0.0782,0.0,-0.0065,1.0,0.0021,True
SN2008cf,3.0,65.0,1.0,0.04603,9e-05,0.04692,9e-05,0.04682,0.00088,29.57,250.0,0.06,-9.0,-9.0,-999.0,-999.0,-9.0,-9.0,9.15,0.04,0.21,-999.0,54595.2734,0.3042,1.218,0.1192,-0.1121,0.0111,16.7458,0.0169,17.2724,0.0035949,5.5949e-05,-0.0002,0.0,-0.0,72.0,0.9974,-9.0,-9.0,-9.0,-9.0,-9.0,36.5956,0.0952,0.0,0.0002,1.0,0.004,True
SN2008fr,19.0,65.0,1.0,0.039,0.002,0.0379,0.002,0.03828,0.00218,-110.97,250.0,0.04,-9.0,-9.0,-999.0,-999.0,-9.0,-9.0,8.69,0.21,1.15,-999.0,54733.8242,0.2302,0.5961,0.0744,-0.0916,0.0102,16.5542,0.0174,16.9264,0.0042886,6.888e-05,0.0001,-0.0,-0.0,136.0,0.9948,-9.0,-9.0,-9.0,-9.0,-9.0,36.2496,0.1012,0.0,-0.0093,1.0,0.0047,True
SN2008gb,53.0,65.0,1.0,0.037,9e-05,0.03641,9e-05,0.03796,0.00087,-447.19,250.0,0.17,-9.0,-9.0,-999.0,-999.0,-9.0,-9.0,10.39,0.04,0.9,-999.0,54747.0469,0.4957,0.0817,0.2262,-0.0048,0.0202,16.8026,0.0415,16.9183,0.0034115,0.00013048,0.0,0.0,-0.0,44.0,0.9999,-9.0,-9.0,-9.0,-9.0,-9.0,36.2415,0.1162,0.0,-0.0687,1.0,0.006,True
SN2008gl,42.0,65.0,1.0,0.03354,0.00016,0.03246,0.00016,0.03272,0.00088,-75.15,250.0,0.02,-9.0,-9.0,-999.0,-999.0,-9.0,-9.0,10.8,0.03,1.65,-999.0,54768.6094,0.0955,-1.2917,0.0524,-0.0246,0.0098,16.5202,0.0108,16.4704,0.0044253,4.4188e-05,0.0,-0.0,-0.0,124.0,1.0,-9.0,-9.0,-9.0,-9.0,-9.0,35.7936,0.1046,0.0,-0.0627,1.0,0.0047,True
SN2008gp,105.0,5.0,1.0,0.03303,0.0002,0.03245,0.0002,0.03333,0.00088,-257.67,250.0,0.1,-9.0,-9.0,-999.0,-999.0,-9.0,-9.0,10.64,0.05,1.19,-999.0,54779.793,0.0737,-0.0753,0.0521,-0.091,0.0125,16.1411,0.0231,16.4582,0.0062742,0.00013364,0.0,-0.0,-0.0,95.0,0.9993,-9.0,-9.0,-9.0,-9.0,-9.0,35.7814,0.0964,0.0,-0.0266,1.0,0.003,True
SN2008hj,59.0,65.0,1.0,0.03761,0.00015,0.03643,0.00015,0.03682,0.00088,-111.99,250.0,0.03,-9.0,-9.0,-999.0,-999.0,-9.0,-9.0,10.2,0.06,0.92,-999.0,54802.3594,0.0812,0.3049,0.0698,-0.0586,0.0098,16.4977,0.0111,16.7934,0.0045179,4.6186e-05,0.0001,-0.0,-0.0,91.0,1.0,-9.0,-9.0,-9.0,-9.0,-9.0,36.1166,0.0936,0.0,-0.0454,1.0,0.0033,True
SN2009ad,104.0,65.0,1.0,0.0284,0.0,0.02834,0.0,0.02844,0.00086,-30.49,250.0,0.1,-9.0,-9.0,-999.0,-999.0,-9.0,-9.0,10.45,0.09,1.28,-999.0,54886.9531,0.0666,0.2486,0.0544,-0.0468,0.0103,15.8967,0.0213,16.1529,0.0078583,0.00015435,0.0001,-0.0,-0.0,126.0,0.9993,-9.0,-9.0,-9.0,-9.0,-9.0,35.4761,0.1031,0.0,-0.0514,1.0,0.0035,True
SN2009bv,15.0,65.0,1.0,0.03667,6e-05,0.03748,6e-05,0.03848,0.00087,-287.73,250.0,0.01,-9.0,-9.0,-999.0,-999.0,-9.0,-9.0,10.37,0.1,0.87,-999.0,54927.4648,0.1256,0.5122,0.127,-0.0733,0.0155,16.6309,0.0181,16.9935,0.0039962,6.6474e-05,0.0007,-0.0,-0.0,51.0,0.4881,-9.0,-9.0,-9.0,-9.0,-9.0,36.3167,0.0962,0.0,-0.0328,1.0,0.0031,True
SN2009do,97.0,65.0,1.0,0.03964,1e-05,0.04027,1e-05,0.04099,0.00087,-206.58,250.0,0.01,-9.0,-9.0,-999.0,-999.0,-9.0,-9.0,10.73,0.2,1.43,-999.0,54946.2734,0.2812,-0.8132,0.1064,-0.0135,0.0157,16.8737,0.021,16.8721,0.0031954,6.1784e-05,0.0002,0.0,-0.0,56.0,0.2317,-9.0,-9.0,-9.0,-9.0,-9.0,36.1953,0.1052,0.0,-0.0683,1.0,0.0052,True
SN2010ag,139.0,66.0,1.0,0.0334,2e-05,0.03336,2e-05,0.03335,0.00086,3.24,250.0,0.03,-9.0,-9.0,-999.0,-999.0,-9.0,-9.0,10.57,0.13,1.25,-999.0,55271.2578,0.279,0.8067,0.1441,0.1199,0.0171,16.4647,0.0234,16.3284,0.0046571,0.00010044,0.0007,-0.0,-0.0,39.0,0.4253,-9.0,-9.0,-9.0,-9.0,-9.0,35.6516,0.1542,0.0,-0.0891,1.0,0.0163,True
SN2010dt,180.0,66.0,1.0,0.05286,2e-05,0.05291,2e-05,0.05316,0.00088,-69.12,250.0,0.03,-9.0,-9.0,-999.0,-999.0,-9.0,-9.0,10.69,0.22,1.12,-999.0,55361.6719,0.2076,0.0533,0.5694,-0.0839,0.0488,17.3605,0.0753,17.681,0.0020408,0.00014151,0.024,-0.0001,-0.0,7.0,0.1996,-9.0,-9.0,-9.0,-9.0,-9.0,37.0042,0.1047,0.0,-0.0315,1.0,0.0025,True
SN2010dw,158.0,66.0,1.0,0.03812,0.00015,0.03871,0.00015,0.03902,0.00088,-89.87,250.0,0.08,-9.0,-9.0,-999.0,-999.0,-9.0,-9.0,10.19,0.1,1.38,-999.0,55357.9453,0.4098,0.7317,0.1827,0.0864,0.0166,16.8913,0.0245,16.8424,0.0031439,7.0967e-05,-0.0,0.0,-0.0,26.0,0.4476,-9.0,-9.0,-9.0,-9.0,-9.0,36.1656,0.1433,0.0,-0.0839,1.0,0.0133,True
SN2016afk,0.0,150.0,1.0,0.04561,1e-05,0.04677,1e-05,0.04738,0.00087,-172.36,250.0,0.05,-9.0,-9.0,-999.0,-999.0,-9.0,-9.0,9.7,0.08,0.6,-999.0,57440.6797,0.357,0.0035,0.2061,0.0733,0.0238,17.514,0.0321,17.3136,0.0017718,5.2344e-05,0.0015,-0.0,-0.0,20.0,0.0743,-9.0,-9.0,-9.0,-9.0,-9.0,36.6368,0.1472,0.0,-0.0463,1.0,0.0148,True
SNASASSN-15bc,35.0,150.0,1.0,0.03672,0.0001,0.03639,0.0001,0.03753,0.00087,-330.4,250.0,0.04,-9.0,-9.0,-999.0,-999.0,-9.0,-9.0,10.16,0.04,0.73,-999.0,57048.0898,0.1934,0.6951,0.195,0.0636,0.0186,16.8552,0.0236,16.8659,0.0032503,7.0512e-05,0.0015,-0.0,-0.0,21.0,0.717,-9.0,-9.0,-9.0,-9.0,-9.0,36.1891,0.1239,0.0,-0.0784,1.0,0.0085,True
SNASASSN-15fa,53.0,150.0,1.0,0.02734,1e-05,0.02721,1e-05,0.02741,0.00086,-57.83,250.0,0.02,-9.0,-9.0,-999.0,-999.0,-9.0,-9.0,10.91,0.13,1.2,-999.0,57102.2266,0.3771,0.7406,0.1717,0.0835,0.0189,16.3086,0.0255,16.2655,0.0053772,0.00012642,0.0003,-0.0,-0.0,15.0,0.59,-9.0,-9.0,-9.0,-9.0,-9.0,35.5887,0.1401,0.0,-0.0794,1.0,0.0101,True
SNASASSN-15hg,107.0,150.0,1.0,0.02992,1e-05,0.03107,1e-05,0.03143,0.00086,-105.01,250.0,0.04,-9.0,-9.0,-999.0,-999.0,-9.0,-9.0,10.39,0.08,1.48,-999.0,57131.7148,0.0211,-1.1986,0.1565,0.0239,0.0218,16.6273,0.0305,16.4534,0.0040094,0.0001127,-0.0001,-0.0,-0.0,16.0,0.5451,-9.0,-9.0,-9.0,-9.0,-9.0,35.7766,0.1215,0.0,-0.0748,1.0,0.0051,True
SNASASSN-15jl,141.0,150.0,1.0,0.03468,1e-05,0.03492,1e-05,0.03512,0.00086,-56.23,250.0,0.01,-9.0,-9.0,-999.0,-999.0,-9.0,-9.0,9.08,0.14,0.73,-999.0,57166.4336,0.2838,0.4298,0.154,-0.049,0.018,16.4393,0.0213,16.6716,0.0047675,9.3613e-05,0.0006,-0.0,-0.0,25.0,0.1947,-9.0,-9.0,-9.0,-9.0,-9.0,35.9948,0.098,0.0,-0.029,1.0,0.0025,True
SNASASSN-15lu,54.0,150.0,1.0,0.03505,1e-05,0.03577,1e-05,0.03635,0.00086,-168.23,250.0,0.01,-9.0,-9.0,-999.0,-999.0,-9.0,-9.0,9.98,0.11,0.9,-999.0,57199.3828,0.3772,-0.4094,0.2249,-0.0222,0.0211,16.772,0.0263,16.797,0.0035092,8.4944e-05,0.0006,0.0,-0.0,16.0,0.0076,-9.0,-9.0,-9.0,-9.0,-9.0,36.1202,0.1114,0.0,-0.0403,1.0,0.0044,True
SNASASSN-15mf,72.0,150.0,1.0,0.02604,1e-05,0.02691,1e-05,0.02695,0.00086,-14.01,250.0,0.03,-9.0,-9.0,-999.0,-999.0,-9.0,-9.0,11.0,0.41,1.59,-999.0,57212.1094,0.3996,-0.7022,0.2394,-0.0236,0.0221,15.9695,0.027,16.0053,0.0073484,0.00018281,0.0011,-0.0,-0.0,11.0,0.1983,-9.0,-9.0,-9.0,-9.0,-9.0,35.3285,0.1106,0.0,-0.0565,1.0,0.002,True
SNASASSN-15mg,90.0,150.0,1.0,0.04278,1e-05,0.04307,1e-05,0.04408,0.00087,-289.8,250.0,0.03,-9.0,-9.0,-999.0,-999.0,-9.0,-9.0,10.14,0.16,1.12,-999.0,57218.1562,0.1899,-1.2812,0.1558,-0.0355,0.0238,17.2313,0.0286,17.2127,0.0022987,6.0582e-05,0.0002,-0.0,-0.0,18.0,0.3945,-9.0,-9.0,-9.0,-9.0,-9.0,36.5359,0.0938,0.0,-0.0581,1.0,0.001,True
SNASASSN-15np,125.0,150.0,1.0,0.03768,5e-05,0.03832,5e-05,0.03884,0.00087,-150.2,250.0,0.03,-9.0,-9.0,-999.0,-999.0,-9.0,-9.0,10.17,0.31,1.48,-999.0,57241.5938,0.6305,-0.808,0.2112,0.064,0.0222,17.0709,0.0303,16.8459,0.0026646,7.4377e-05,-0.0003,0.0,-0.0,11.0,0.623,-9.0,-9.0,-9.0,-9.0,-9.0,36.1692,0.1293,0.0,-0.0859,1.0,0.0085,True
SNASASSN-15nq,142.0,150.0,1.0,0.03036,1e-05,0.03025,1e-05,0.03023,0.00086,4.04,250.0,0.04,-9.0,-9.0,-999.0,-999.0,-9.0,-9.0,10.4,0.16,1.67,-999.0,57247.7578,0.2002,0.0004,0.198,-0.0678,0.0223,16.1247,0.0292,16.3934,0.0063695,0.00017144,0.0016,-0.0,-0.0,14.0,0.1944,-9.0,-9.0,-9.0,-9.0,-9.0,35.7166,0.0972,0.0,-0.0386,1.0,0.0008,True
SNASASSN-15pm,37.0,150.0,1.0,0.04879,0.00015,0.04777,0.00015,0.04837,0.00089,-170.03,250.0,0.03,-9.0,-9.0,-999.0,-999.0,-9.0,-9.0,10.67,0.24,1.12,-999.0,57277.9219,0.3431,0.5897,0.1761,-0.0902,0.0204,16.9656,0.0271,17.3854,0.002936,7.329e-05,0.0004,-0.0,-0.0,25.0,0.4469,-9.0,-9.0,-9.0,-9.0,-9.0,36.7086,0.0825,0.0,-0.0251,0.903,0.0,True
SNASASSN-15pn,55.0,150.0,1.0,0.03836,0.0,0.038,0.0,0.03909,0.00087,-314.4,250.0,0.08,-9.0,-9.0,-999.0,-999.0,-9.0,-9.0,9.37,0.08,0.77,-999.0,57279.7891,0.2047,0.4969,0.1357,-0.0447,0.0206,16.8731,0.0304,17.1037,0.0031971,8.9427e-05,-0.0006,-0.0,-0.0,30.0,0.0845,-9.0,-9.0,-9.0,-9.0,-9.0,36.4269,0.1023,0.0,-0.0302,1.0,0.0026,True
SNASASSN-15pr,73.0,150.0,1.0,0.03309,0.00015,0.03189,0.00015,0.03264,0.00087,-217.89,250.0,0.03,-9.0,-9.0,-999.0,-999.0,-9.0,-9.0,9.72,0.15,0.81,-999.0,57283.4883,0.0392,-0.5048,0.2283,-0.0296,0.0277,16.6954,0.0482,16.7237,0.0037657,0.00016702,0.0003,-0.0,-0.0,14.0,0.189,-9.0,-9.0,-9.0,-9.0,-9.0,36.0469,0.1284,0.0,-0.0361,1.0,0.0037,True
SNASASSN-15ss,126.0,150.0,1.0,0.03556,0.00012,0.03592,0.00012,0.03599,0.00087,-19.52,250.0,0.2,-9.0,-9.0,-999.0,-999.0,-9.0,-9.0,10.77,0.04,1.05,-999.0,57338.3594,0.6057,0.9709,0.2249,-0.0917,0.0283,16.3568,0.0578,16.8377,0.0051437,0.00027391,0.0003,0.0,-0.0,14.0,0.8361,-9.0,-9.0,-9.0,-9.0,-9.0,36.1609,0.095,0.0,-0.0202,0.986,0.0,True
SNASASSN-15tg,143.0,150.0,1.0,0.03561,6e-05,0.03445,6e-05,0.03529,0.00086,-241.33,250.0,0.02,-9.0,-9.0,-999.0,-999.0,-9.0,-9.0,10.07,0.14,1.31,-999.0,57362.0586,0.4277,1.2668,0.2177,-0.0605,0.0214,16.2297,0.0257,16.6752,0.0057826,0.00013697,0.0009,-0.0,-0.0,13.0,0.1593,-9.0,-9.0,-9.0,-9.0,-9.0,35.9985,0.0947,0.0,-0.0344,1.0,0.0008,True
SNASASSN-16aj,92.0,150.0,1.0,0.03075,8e-05,0.03053,8e-05,0.02953,0.00086,289.93,250.0,0.03,-9.0,-9.0,-999.0,-999.0,-9.0,-9.0,10.65,0.08,1.55,-999.0,57402.1406,0.372,-1.816,0.1789,0.0072,0.0241,16.4345,0.033,16.2107,0.0047887,0.00014554,-0.0,0.0,-0.0,25.0,0.9042,-9.0,-9.0,-9.0,-9.0,-9.0,35.5339,0.1156,0.0,-0.0721,1.0,0.0039,True
SNASASSN-16ay,127.0,150.0,1.0,0.02834,1e-05,0.02895,1e-05,0.02938,0.00086,-124.58,250.0,0.06,-9.0,-9.0,-999.0,-999.0,-9.0,-9.0,10.48,0.04,1.21,-999.0,57416.7578,0.4532,1.0355,0.1495,0.227,0.0199,16.7753,0.0306,16.3265,0.0034984,9.862e-05,-0.0002,0.0,-0.0,14.0,0.767,-9.0,-9.0,-9.0,-9.0,-9.0,35.6497,0.1632,0.0,-0.0735,1.0,0.0172,True
SNASASSN-16bc,144.0,150.0,1.0,0.03194,0.00015,0.03314,0.00015,0.03298,0.00087,45.27,250.0,0.05,-9.0,-9.0,-999.0,-999.0,-9.0,-9.0,10.49,0.12,1.18,-999.0,57430.1562,0.1668,1.0149,0.1779,-0.135,0.0208,15.921,0.0277,16.5164,0.0076842,0.00019591,0.0008,-0.0,-0.0,18.0,0.0618,-9.0,-9.0,-9.0,-9.0,-9.0,35.8396,0.0917,0.0,0.0074,0.943,0.0,True
SNASASSN-16bq,162.0,150.0,1.0,0.02493,1e-05,0.02582,1e-05,0.02534,0.00086,141.16,250.0,0.03,-9.0,-9.0,-999.0,-999.0,-9.0,-9.0,10.62,0.03,1.59,-999.0,57437.9453,0.1951,-1.6681,0.1158,-0.0429,0.0239,16.062,0.0308,15.9962,0.0067482,0.00019159,0.0,-0.0,-0.0,30.0,0.8656,-9.0,-9.0,-9.0,-9.0,-9.0,35.3194,0.109,0.0,-0.0501,1.0,0.0011,True
SNASASSN-16br,4.0,150.0,1.0,0.02852,0.00015,0.029,0.00015,0.02956,0.00087,-162.18,250.0,0.14,-9.0,-9.0,-999.0,-999.0,-9.0,-9.0,9.92,0.02,0.92,-999.0,57439.7227,0.1484,0.9122,0.1189,-0.0354,0.0205,16.0067,0.0359,16.2726,0.0071009,0.00023453,0.0001,-0.0,-0.0,21.0,0.7106,-9.0,-9.0,-9.0,-9.0,-9.0,35.5958,0.1093,0.0,-0.0276,1.0,0.0031,True
SNASASSN-16ct,57.0,150.0,1.0,0.04191,4e-05,0.04252,4e-05,0.04306,0.00087,-155.75,250.0,0.05,-9.0,-9.0,-999.0,-999.0,-9.0,-9.0,9.13,0.09,1.06,-999.0,57459.7773,0.58,1.3841,0.2073,0.0268,0.0207,16.8288,0.0276,16.9762,0.0033302,8.4731e-05,-0.0003,0.0,-0.0,22.0,0.0191,-9.0,-9.0,-9.0,-9.0,-9.0,36.2995,0.1295,0.0,-0.027,1.0,0.0089,True
SNASASSN-16db,75.0,150.0,1.0,0.03486,1e-05,0.03589,1e-05,0.0373,0.00086,-408.93,250.0,0.02,-9.0,-9.0,-999.0,-999.0,-9.0,-9.0,10.82,0.08,1.21,-999.0,57465.1758,0.2981,-0.583,0.1149,0.0559,0.0218,16.8438,0.029,16.6764,0.0032846,8.78e-05,-0.0,-0.0,-0.0,24.0,0.0072,-9.0,-9.0,-9.0,-9.0,-9.0,35.9996,0.1245,0.0,-0.0819,1.0,0.0078,True
SNASASSN-16dw,110.0,150.0,1.0,0.03466,0.00015,0.03565,0.00015,0.03437,0.00088,371.74,250.0,0.05,-9.0,-9.0,-999.0,-999.0,-9.0,-9.0,10.24,0.07,1.28,-999.0,57482.8867,0.4065,-0.1479,0.1592,0.0759,0.0199,16.7036,0.0277,16.5395,0.0037374,9.5338e-05,0.0,0.0,-0.0,21.0,0.1069,-9.0,-9.0,-9.0,-9.0,-9.0,35.8627,0.1321,0.0,-0.0778,1.0,0.0096,True
SNASASSN-16fo,145.0,150.0,1.0,0.0289,0.00021,0.02994,0.00021,0.03036,0.00088,-122.18,250.0,0.03,-9.0,-9.0,-999.0,-999.0,-9.0,-9.0,10.09,0.11,1.51,-999.0,57539.9805,0.4594,0.7838,0.2261,-0.0925,0.0205,15.8521,0.026,16.3074,0.0081878,0.00019613,0.0006,-0.0,-0.0,14.0,0.8091,-9.0,-9.0,-9.0,-9.0,-9.0,35.6306,0.0999,0.0,-0.0221,0.992,0.0,True
SNASASSN-16fs,163.0,150.0,1.0,0.0292,1e-05,0.0299,1e-05,0.02944,0.00086,135.19,250.0,0.03,-9.0,-9.0,-999.0,-999.0,-9.0,-9.0,10.94,0.07,1.59,-999.0,57542.3594,0.4582,-1.2466,0.1547,-0.0316,0.0239,16.156,0.0348,16.1298,0.0061886,0.00019819,-0.0003,0.0,-0.0,14.0,0.3593,-9.0,-9.0,-9.0,-9.0,-9.0,35.453,0.1064,0.0,-0.057,1.0,0.0015,True
SNASASSN-16hc,5.0,150.0,1.0,0.05093,1e-05,0.05165,1e-05,0.05151,0.00088,40.68,250.0,0.01,-9.0,-9.0,-999.0,-999.0,-9.0,-9.0,11.0,0.29,1.38,-999.0,57582.1758,0.522,1.5371,0.3046,-0.0818,0.0218,16.9503,0.0264,17.494,0.0029777,7.2414e-05,0.0016,-0.0,-0.0,13.0,0.0968,-9.0,-9.0,-9.0,-9.0,-9.0,36.8172,0.0853,0.0,-0.0226,0.89,0.0,True
SNASASSN-16hr,22.0,150.0,1.0,0.03086,1e-05,0.0298,1e-05,0.03083,0.00086,-300.27,250.0,0.11,-9.0,-9.0,-999.0,-999.0,-9.0,-9.0,9.89,0.2,0.81,-999.0,57596.8945,0.5835,1.2744,0.2079,0.0499,0.021,16.2994,0.0384,16.3498,0.0054233,0.00019157,0.0004,-0.0,-0.0,12.0,0.6605,-9.0,-9.0,-9.0,-9.0,-9.0,35.673,0.1484,0.0,-0.0199,1.0,0.012,True
SNASASSN-16oz,129.0,150.0,1.0,0.031,0.002,0.03207,0.002,0.03192,0.00218,42.87,250.0,0.05,-9.0,-9.0,-999.0,-999.0,-9.0,-9.0,8.29,0.43,0.66,-999.0,57749.9766,0.2994,1.4501,0.1997,-0.0446,0.0207,15.9146,0.026,16.2899,0.0077295,0.00018505,0.0008,-0.0,-0.0,13.0,0.6835,-9.0,-9.0,-9.0,-9.0,-9.0,35.6131,0.1072,0.0,-0.0217,1.0,0.0026,True
SNASASSN-17at,164.0,150.0,1.0,0.02537,1e-05,0.02643,1e-05,0.02713,0.00086,-204.19,250.0,0.02,-9.0,-9.0,-999.0,-999.0,-9.0,-9.0,10.36,0.18,1.19,-999.0,57777.3242,0.3375,-1.594,0.162,-0.0143,0.0203,16.1624,0.0249,16.031,0.006152,0.00014134,-0.0,0.0,-0.0,19.0,0.7702,-9.0,-9.0,-9.0,-9.0,-9.0,35.3542,0.1115,0.0,-0.0615,1.0,0.0026,True
SNASASSN-17eb,41.0,150.0,1.0,0.04924,1e-05,0.0497,1e-05,0.05044,0.00088,-213.56,250.0,0.04,-9.0,-9.0,-999.0,-999.0,-9.0,-9.0,10.89,0.08,1.58,-999.0,57836.7891,0.6727,-1.1897,0.1858,0.0553,0.0259,17.5252,0.0467,17.268,0.0017536,7.5352e-05,-0.0005,0.0,-0.0,8.0,0.5537,-9.0,-9.0,-9.0,-9.0,-9.0,36.5913,0.1235,0.0,-0.088,1.0,0.0067,True
SNAT2016aj,59.0,150.0,1.0,0.06741,5e-05,0.06731,5e-05,0.06725,0.00089,17.26,250.0,0.04,-9.0,-9.0,-999.0,-999.0,-9.0,-9.0,10.88,0.24,1.44,-999.0,57442.6992,0.5372,-0.8921,0.3292,0.0019,0.0307,18.1172,0.04,18.0609,0.0010165,3.7437e-05,0.0015,-0.0,-0.0,14.0,0.524,-9.0,-9.0,-9.0,-9.0,-9.0,37.3841,0.1069,0.0,-0.0744,1.0,0.0018,True
SNAT2016cor,95.0,150.0,1.0,0.04954,3e-05,0.04995,3e-05,0.05066,0.00088,-201.72,250.0,0.03,-9.0,-9.0,-999.0,-999.0,-9.0,-9.0,9.97,0.04,0.83,-999.0,57541.4336,0.3434,-0.2973,0.2328,0.198,0.0221,18.1306,0.0278,17.4531,0.001004,2.5677e-05,0.0008,-0.0,-0.0,23.0,0.0031,-9.0,-9.0,-9.0,-9.0,-9.0,36.7763,0.182,0.0,-0.0063,1.0,0.0253,True
SNAT2016cvv,112.0,150.0,1.0,0.04457,0.0004,0.04404,0.0004,0.04438,0.00096,-97.44,250.0,0.09,-9.0,-9.0,-999.0,-999.0,-9.0,-9.0,11.23,0.36,1.57,-999.0,57558.8633,0.5582,1.0255,0.1454,0.072,0.0225,17.2078,0.0384,17.25,0.0023491,8.3057e-05,0.0,-0.0,-0.0,19.0,0.0367,-9.0,-9.0,-9.0,-9.0,-9.0,36.5732,0.1278,0.0,-0.083,1.0,0.0087,True
SNAT2016cvw,130.0,150.0,1.0,0.03888,9e-05,0.03761,9e-05,0.03787,0.00087,-75.03,250.0,0.07,-9.0,-9.0,-999.0,-999.0,-9.0,-9.0,10.88,0.06,1.62,-999.0,57559.793,0.5319,-1.4641,0.1923,-0.0349,0.0255,17.0114,0.0434,16.9596,0.0028147,0.00011261,0.0011,-0.0,-0.0,22.0,0.0129,-9.0,-9.0,-9.0,-9.0,-9.0,36.2828,0.0996,0.0,-0.056,1.0,0.0012,True
SNAT2016cyt,147.0,150.0,1.0,0.03074,9e-05,0.02965,9e-05,0.03059,0.00086,-274.78,250.0,0.07,-9.0,-9.0,-999.0,-999.0,-9.0,-9.0,10.92,0.24,1.45,-999.0,57580.8633,0.1265,-1.8049,0.1244,-0.0794,0.0204,16.1468,0.0261,16.1577,0.0062413,0.00014981,0.0003,-0.0,-0.0,39.0,0.8227,-9.0,-9.0,-9.0,-9.0,-9.0,35.4809,0.096,0.0,-0.0349,1.0,0.0007,True
SNAT2016ews,7.0,150.0,1.0,0.04555,1e-05,0.04612,1e-05,0.04631,0.00087,-54.41,250.0,0.04,-9.0,-9.0,-999.0,-999.0,-9.0,-9.0,10.68,0.2,1.16,-999.0,57619.9844,0.1929,0.9476,0.2085,-0.1548,0.0238,16.7435,0.0316,17.3786,0.0036025,0.00010475,0.0016,-0.0,-0.0,12.0,0.0159,-9.0,-9.0,-9.0,-9.0,-9.0,36.7018,0.08,0.0,0.0188,0.863,0.0,True
SNAT2016gmg,42.0,150.0,1.0,0.04944,0.00011,0.04839,0.00011,0.04865,0.00088,-72.71,250.0,0.12,-9.0,-9.0,-999.0,-999.0,-9.0,-9.0,11.19,0.36,1.63,-999.0,57662.6211,0.2334,-1.7758,0.246,-0.0639,0.0298,17.5048,0.0423,17.4852,0.0017868,6.9558e-05,0.0013,-0.0,-0.0,14.0,0.0249,-9.0,-9.0,-9.0,-9.0,-9.0,36.8084,0.0986,0.0,-0.0482,0.929,0.0,True
SNAT2016gsu,60.0,150.0,1.0,0.07642,6e-05,0.07529,6e-05,0.07575,0.0009,-129.56,250.0,0.04,-9.0,-9.0,-999.0,-999.0,-9.0,-9.0,10.07,0.08,0.86,-999.0,57670.5078,0.62,-0.834,0.2807,0.0079,0.0337,18.4011,0.0472,18.3362,0.00078262,3.4028e-05,-0.0001,0.0,-0.0,18.0,0.0471,-9.0,-9.0,-9.0,-9.0,-9.0,37.6594,0.1083,0.0,-0.075,1.0,0.0016,True
SNAT2016hns,78.0,150.0,1.0,0.03817,6e-05,0.03704,6e-05,0.0374,0.00087,-105.31,250.0,0.06,-9.0,-9.0,-999.0,-999.0,-9.0,-9.0,10.42,0.11,0.89,-999.0,57697.6484,0.2745,-1.2315,0.1967,-0.0932,0.0228,16.6484,0.0275,16.7842,0.0039321,9.9424e-05,0.0,-0.0,-0.0,11.0,0.0377,-9.0,-9.0,-9.0,-9.0,-9.0,36.1074,0.0966,0.0,-0.0246,0.982,0.0,True
SNAT2016htm,96.0,150.0,1.0,0.04332,0.00015,0.04265,0.00015,0.04289,0.00088,-67.49,250.0,0.01,-9.0,-9.0,-999.0,-999.0,-9.0,-9.0,10.14,0.15,0.82,-999.0,57702.6406,0.1486,0.0363,0.1922,-0.069,0.0191,16.8626,0.0229,17.1418,0.0032283,6.8006e-05,0.0008,-0.0,-0.0,21.0,0.1496,-9.0,-9.0,-9.0,-9.0,-9.0,36.465,0.0847,0.0,-0.0394,0.978,0.0,True
SNAT2016htn,113.0,150.0,1.0,0.05312,0.00015,0.05229,0.00015,0.05222,0.00089,20.94,250.0,0.02,-9.0,-9.0,-999.0,-999.0,-9.0,-9.0,10.49,0.03,1.09,-999.0,57701.75,0.3195,0.016,0.2871,0.0781,0.0239,17.7899,0.0299,17.6557,0.0013741,3.7828e-05,0.0027,-0.0,-0.0,15.0,0.5339,-9.0,-9.0,-9.0,-9.0,-9.0,36.9789,0.1233,0.0,-0.0879,1.0,0.0083,True
SNAT2017cfc,148.0,150.0,1.0,0.02403,0.00016,0.02499,0.00016,0.02512,0.00087,-39.47,250.0,0.04,-9.0,-9.0,-999.0,-999.0,-9.0,-9.0,10.38,0.14,1.65,-999.0,57837.7422,0.1421,-0.7461,0.1119,0.035,0.0185,15.9331,0.0221,15.8021,0.0075989,0.00015435,0.0001,-0.0,-0.0,17.0,0.8923,-9.0,-9.0,-9.0,-9.0,-9.0,35.1253,0.1269,0.0,-0.0793,1.0,0.006,True
SNAT2017lm,8.0,150.0,1.0,0.03064,6e-05,0.03002,6e-05,0.03031,0.00086,-83.3,250.0,0.06,-9.0,-9.0,-999.0,-999.0,-9.0,-9.0,9.81,0.1,0.75,-999.0,57779.2773,0.5029,0.9634,0.2717,-0.0064,0.0239,16.1526,0.0296,16.3381,0.0062081,0.00016927,0.0016,-0.0,-0.0,8.0,0.6236,-9.0,-9.0,-9.0,-9.0,-9.0,35.6613,0.1253,0.0,-0.0295,1.0,0.0058,True
SNAT2017ns,25.0,150.0,1.0,0.02877,0.0004,0.02802,0.0004,0.02849,0.00094,-138.08,250.0,0.09,-9.0,-9.0,-999.0,-999.0,-9.0,-9.0,10.07,0.08,1.28,-999.0,57784.5469,0.2281,-0.8503,0.2333,0.224,0.0273,16.8298,0.0394,16.0961,0.0033271,0.00012083,0.0028,-0.0,-0.0,10.0,0.3451,-9.0,-9.0,-9.0,-9.0,-9.0,35.4194,0.1655,0.0,-0.0828,1.0,0.0172,True
SNAT2017oz,43.0,150.0,1.0,0.05569,1e-05,0.05641,1e-05,0.05614,0.00088,78.86,250.0,0.01,-9.0,-9.0,-999.0,-999.0,-9.0,-9.0,9.82,0.24,1.06,-999.0,57788.1992,0.3765,0.1065,0.3069,-0.0353,0.0254,17.5231,0.0309,17.6704,0.0017569,5.0045e-05,0.0024,-0.0,-0.0,11.0,0.0504,-9.0,-9.0,-9.0,-9.0,-9.0,36.9936,0.1032,0.0,-0.0388,1.0,0.0026,True
SNAT2017po,61.0,150.0,1.0,0.03182,1e-05,0.03201,1e-05,0.03255,0.00086,-156.24,250.0,0.01,-9.0,-9.0,-999.0,-999.0,-9.0,-9.0,10.87,0.05,1.54,-999.0,57784.6641,0.7408,0.1007,0.2407,-0.0724,0.0232,16.1308,0.0387,16.4278,0.0063343,0.00022581,-0.0027,0.0,-0.0,19.0,0.0179,-9.0,-9.0,-9.0,-9.0,-9.0,35.751,0.1058,0.0,-0.0362,1.0,0.0007,True
SNAT2017wb,79.0,150.0,1.0,0.03065,8e-05,0.03093,8e-05,0.03117,0.00086,-70.02,250.0,0.02,-9.0,-9.0,-999.0,-999.0,-9.0,-9.0,9.44,0.05,0.86,-999.0,57790.2461,0.1959,1.3367,0.1202,0.0726,0.0177,16.3623,0.0222,16.3425,0.0051178,0.00010442,0.0001,-0.0,-0.0,31.0,0.5581,-9.0,-9.0,-9.0,-9.0,-9.0,35.6657,0.1541,0.0,-0.0102,1.0,0.0153,True
SNAT2017yk,97.0,150.0,1.0,0.04644,0.00015,0.04764,0.00015,0.04691,0.00089,207.29,250.0,0.03,-9.0,-9.0,-999.0,-999.0,-9.0,-9.0,10.31,0.12,1.12,-999.0,57789.1914,0.3695,-0.7236,0.1682,0.2053,0.0261,17.9937,0.0358,17.3722,0.001139,3.7538e-05,0.0004,-0.0,-0.0,16.0,0.2413,-9.0,-9.0,-9.0,-9.0,-9.0,36.6954,0.1542,0.0,-0.1164,1.0,0.0157,True
SNAT2017zd,114.0,150.0,1.0,0.02947,0.00015,0.03048,0.00015,0.02969,0.00087,230.52,250.0,0.07,-9.0,-9.0,-999.0,-999.0,-9.0,-9.0,9.97,0.06,1.42,-999.0,57793.1797,0.1501,0.4736,0.1354,-0.0313,0.0203,15.9028,0.0287,16.0902,0.0078144,0.00020633,-0.0001,-0.0,-0.0,19.0,0.181,-9.0,-9.0,-9.0,-9.0,-9.0,35.4134,0.1135,0.0,-0.0325,1.0,0.0035,True
SNATLAS16agv,132.0,150.0,1.0,0.04779,0.00017,0.04777,0.00017,0.04819,0.00089,-119.84,250.0,0.02,-9.0,-9.0,-999.0,-999.0,-9.0,-9.0,8.72,0.62,2.11,-999.0,57470.2617,0.0133,1.4313,0.214,-0.0614,0.0201,16.8641,0.0246,17.2799,0.0032236,7.2926e-05,0.0008,-0.0,-0.0,17.0,0.4109,-9.0,-9.0,-9.0,-9.0,-9.0,36.6031,0.094,0.0,-0.0127,1.0,0.0019,True
SNATLAS16bwu,149.0,150.0,1.0,0.0718,6e-05,0.07074,6e-05,0.07091,0.00089,-47.78,250.0,0.02,-9.0,-9.0,-999.0,-999.0,-9.0,-9.0,9.89,0.09,0.96,-999.0,57609.2969,0.4953,0.108,0.2635,0.0989,0.0278,18.2476,0.0378,17.995,0.00090147,3.1377e-05,0.0017,-0.0,-0.0,14.0,0.0065,-9.0,-9.0,-9.0,-9.0,-9.0,37.3182,0.1478,0.0,-0.0572,1.0,0.014,True
SNATLAS17ajn,62.0,150.0,1.0,0.02871,3e-05,0.02988,3e-05,0.02978,0.00086,28.51,250.0,0.06,-9.0,-9.0,-999.0,-999.0,-9.0,-9.0,10.2,0.1,1.15,-999.0,57777.3125,0.6504,-1.927,0.1626,-0.086,0.0272,16.3376,0.0571,16.3448,0.0052354,0.00027556,-0.0003,0.0,-0.0,14.0,0.8057,-9.0,-9.0,-9.0,-9.0,-9.0,35.668,0.1108,0.0,-0.0305,1.0,0.0006,True
SNATLAS17ajs,80.0,150.0,1.0,0.03265,1e-05,0.0337,1e-05,0.03451,0.00086,-232.65,250.0,0.02,-9.0,-9.0,-999.0,-999.0,-9.0,-9.0,9.79,0.09,0.6,-999.0,57782.3945,0.7464,1.3734,0.2289,0.1744,0.0202,17.0715,0.0288,16.6911,0.0026632,7.056e-05,-0.0001,0.0,-0.0,23.0,0.6162,-9.0,-9.0,-9.0,-9.0,-9.0,36.0143,0.1835,0.0,0.0387,1.0,0.0247,True
SNATLAS17axb,98.0,150.0,1.0,0.03165,0.0001,0.03264,0.0001,0.03143,0.00087,351.47,250.0,0.09,-9.0,-9.0,-999.0,-999.0,-9.0,-9.0,9.78,0.07,1.33,-999.0,57796.7695,0.3252,0.0594,0.1433,-0.1089,0.022,16.0899,0.0331,16.427,0.0065771,0.00020055,-0.0003,-0.0,-0.0,15.0,0.3475,-9.0,-9.0,-9.0,-9.0,-9.0,35.7502,0.104,0.0,-0.0067,1.0,0.0016,True
SNCSS160129,133.0,150.0,1.0,0.06766,0.001,0.06841,0.001,0.06844,0.00134,-8.76,250.0,0.03,-9.0,-9.0,-999.0,-999.0,-9.0,-9.0,9.21,0.24,2.29,-999.0,57415.7578,0.8693,0.8566,0.2287,-0.1595,0.0276,17.4951,0.0488,18.0786,0.0018029,8.0963e-05,-0.002,0.0,-0.0,17.0,0.9029,-9.0,-9.0,-9.0,-9.0,-9.0,37.4018,0.0862,0.0,0.0327,0.842,0.0,True
SNCSS160428,150.0,150.0,1.0,0.03029,0.00015,0.03081,0.00015,0.03148,0.00087,-196.0,250.0,0.01,-9.0,-9.0,-999.0,-999.0,-9.0,-9.0,8.18,0.23,1.25,-999.0,57517.5938,0.3364,1.0345,0.1819,-0.0379,0.0192,16.1877,0.0234,16.4803,0.0060109,0.00012961,0.0006,-0.0,-0.0,17.0,0.8483,-9.0,-9.0,-9.0,-9.0,-9.0,35.8035,0.1054,0.0,-0.0267,1.0,0.0029,True
SNGaia16acv,168.0,150.0,1.0,0.07772,0.0001,0.07833,0.0001,0.07859,0.0009,-72.08,250.0,0.01,-9.0,-9.0,-999.0,-999.0,-9.0,-9.0,8.59,0.18,-0.36,-999.0,57435.5547,0.5262,0.442,0.3201,-0.1537,0.0279,18.1292,0.0362,18.643,0.0010053,3.3517e-05,0.0032,-0.0,-0.0,21.0,0.1868,-9.0,-9.0,-9.0,-9.0,-9.0,37.9662,0.0762,0.0,0.0179,0.779,0.0,True
SNGaia16agf,10.0,150.0,1.0,0.02507,2e-05,0.02553,2e-05,0.02509,0.00086,130.45,250.0,0.06,-9.0,-9.0,-999.0,-999.0,-9.0,-9.0,9.18,0.06,0.84,-999.0,57456.1836,0.1419,1.2793,0.1257,0.055,0.019,15.97,0.0249,16.001,0.0073452,0.00016814,0.0,-0.0,-0.0,21.0,0.11,-9.0,-9.0,-9.0,-9.0,-9.0,35.3242,0.1528,0.0,-0.0153,1.0,0.0127,True
SNGaia16aki,27.0,150.0,1.0,0.07363,1e-05,0.07398,1e-05,0.07393,0.0009,15.3,250.0,0.04,-9.0,-9.0,-999.0,-999.0,-9.0,-9.0,9.88,0.2,0.58,-999.0,57490.8086,0.6262,0.8518,0.2297,-0.0644,0.0245,18.0329,0.0343,18.3744,0.0010986,3.466e-05,-0.0001,-0.0,-0.0,32.0,0.0752,-9.0,-9.0,-9.0,-9.0,-9.0,37.6976,0.0913,0.0,-0.0224,0.937,0.0,True
SNGaia16bba,45.0,150.0,1.0,0.03046,9e-05,0.02934,9e-05,0.0299,0.00086,-161.22,250.0,0.04,-9.0,-9.0,-999.0,-999.0,-9.0,-9.0,8.45,0.4,0.74,-999.0,57625.8164,0.7652,0.3842,0.2031,-0.0422,0.0254,16.0131,0.0503,16.2181,0.007059,0.00032727,-0.0011,0.0,-0.0,8.0,0.9135,-9.0,-9.0,-9.0,-9.0,-9.0,35.5414,0.1113,0.0,-0.0304,1.0,0.0027,True
SNMASTERJ0134,99.0,150.0,1.0,0.04485,4e-05,0.04391,4e-05,0.04369,0.00087,60.65,250.0,0.02,-9.0,-9.0,-999.0,-999.0,-9.0,-9.0,9.52,0.07,0.92,-999.0,57664.7539,0.6715,0.7454,0.2073,-0.0734,0.0279,16.7451,0.0533,17.0916,0.0035972,0.00017653,0.0,0.0,-0.0,14.0,0.9242,-9.0,-9.0,-9.0,-9.0,-9.0,36.4148,0.0994,0.0,-0.0167,1.0,0.0019,True
SNPS15ahs,169.0,150.0,1.0,0.02551,4e-05,0.02522,4e-05,0.02534,0.00086,-36.77,250.0,0.03,-9.0,-9.0,-999.0,-999.0,-9.0,-9.0,9.76,0.07,0.71,-999.0,57156.7461,0.1078,0.2117,0.1035,-0.077,0.0179,15.716,0.0219,15.9872,0.0092809,0.00018763,-0.0001,-0.0,-0.0,34.0,0.7744,-9.0,-9.0,-9.0,-9.0,-9.0,35.3104,0.1097,0.0,-0.0157,1.0,0.0021,True
SNPS15aii,11.0,150.0,1.0,0.04655,1e-05,0.04768,1e-05,0.04777,0.00087,-26.35,250.0,0.02,-9.0,-9.0,-999.0,-999.0,-9.0,-9.0,10.55,0.07,0.78,-999.0,57159.5,0.1364,0.368,0.1282,-0.0486,0.019,17.1317,0.0234,17.4108,0.0025196,5.4234e-05,0.0002,-0.0,-0.0,24.0,0.1196,-9.0,-9.0,-9.0,-9.0,-9.0,36.734,0.0821,0.0,-0.0497,0.952,0.0,True
SNPS15asb,28.0,150.0,1.0,0.04863,0.00033,0.04952,0.00033,0.04989,0.00094,-107.07,250.0,0.05,-9.0,-9.0,-999.0,-999.0,-9.0,-9.0,10.1,0.01,2.29,-999.0,57194.3555,0.4799,-1.201,0.2454,-0.0102,0.0246,17.4169,0.0336,17.3438,0.0019374,6.0019e-05,0.0012,-0.0,-0.0,15.0,0.203,-9.0,-9.0,-9.0,-9.0,-9.0,36.667,0.097,0.0,-0.0696,1.0,0.0022,True
SNPS15atx,46.0,150.0,1.0,0.07188,0.00027,0.07301,0.00027,0.07252,0.00093,136.36,250.0,0.11,-9.0,-9.0,-999.0,-999.0,-9.0,-9.0,10.51,0.16,1.08,-999.0,57192.5898,0.8614,-1.3058,0.6227,-0.148,0.0479,18.1855,0.0621,18.4513,0.00095452,5.4558e-05,0.0096,-0.0,-0.0,13.0,0.0454,-9.0,-9.0,-9.0,-9.0,-9.0,37.7745,0.1128,0.0,0.0044,0.697,0.0,True
SNPS15bdr,82.0,150.0,1.0,0.07096,1e-05,0.07094,1e-05,0.07116,0.00089,-60.54,250.0,0.01,-9.0,-9.0,-999.0,-999.0,-9.0,-9.0,10.55,0.09,1.66,-999.0,57215.75,0.2501,-1.9646,0.2316,-0.0376,0.0367,18.3267,0.0487,18.2175,0.00083816,3.7589e-05,0.0026,-0.0,-0.0,24.0,0.8214,-9.0,-9.0,-9.0,-9.0,-9.0,37.5408,0.0855,0.0,-0.0709,0.819,0.0,True
SNPS15bif,100.0,150.0,1.0,0.07937,0.00027,0.07855,0.00027,0.07845,0.00094,27.75,250.0,0.06,-9.0,-9.0,-999.0,-999.0,-9.0,-9.0,9.74,0.12,1.34,-999.0,57234.0234,0.276,0.4122,0.3285,-0.0053,0.0282,18.2246,0.0382,18.3405,0.00092083,3.2381e-05,0.0046,-0.0,-0.0,20.0,0.101,-9.0,-9.0,-9.0,-9.0,-9.0,37.6637,0.0977,0.0,-0.052,1.0,0.0032,True
SNPS15bjg,117.0,150.0,1.0,0.06889,1e-05,0.06758,1e-05,0.06786,0.00089,-77.8,250.0,0.08,-9.0,-9.0,-999.0,-999.0,-9.0,-9.0,11.05,0.08,1.55,-999.0,57239.0625,0.2458,-1.0917,0.2594,-0.0921,0.0332,18.0392,0.0481,18.2002,0.0010922,4.8359e-05,0.002,-0.0,-0.0,22.0,0.1116,-9.0,-9.0,-9.0,-9.0,-9.0,37.5234,0.0828,0.0,-0.0307,0.76,0.0,True
SNPS15brr,134.0,150.0,1.0,0.0518,9e-05,0.05063,9e-05,0.05049,0.00088,40.27,250.0,0.03,-9.0,-9.0,-999.0,-999.0,-9.0,-9.0,9.82,0.03,0.95,-999.0,57259.8008,0.721,0.7552,0.2752,-0.0622,0.0273,17.0235,0.0474,17.3436,0.0027835,0.0001215,0.0004,0.0,-0.0,11.0,0.1714,-9.0,-9.0,-9.0,-9.0,-9.0,36.6668,0.0962,0.0,-0.0235,1.0,0.0017,True
SNPS15bsq,152.0,150.0,1.0,0.0343,2e-05,0.03309,2e-05,0.03371,0.00086,-179.38,250.0,0.03,-9.0,-9.0,-999.0,-999.0,-9.0,-9.0,10.91,0.1,1.52,-999.0,57262.8047,0.1526,0.6608,0.1481,-0.0642,0.0201,16.2701,0.0254,16.6351,0.0055712,0.00013042,0.0005,-0.0,-0.0,14.0,0.8828,-9.0,-9.0,-9.0,-9.0,-9.0,35.9584,0.0934,0.0,-0.0397,1.0,0.0008,True
SNPS15bwh,170.0,150.0,1.0,0.07267,0.00043,0.07149,0.00043,0.07158,0.00099,-27.12,250.0,0.02,-9.0,-9.0,-999.0,-999.0,-9.0,-9.0,9.54,0.06,2.29,-999.0,57278.8789,0.2372,1.0348,0.2423,-0.1102,0.0265,17.6647,0.0342,18.15,0.0015422,4.8546e-05,0.0007,-0.0,-0.0,18.0,0.7042,-9.0,-9.0,-9.0,-9.0,-9.0,37.4732,0.0855,0.0,0.006,0.881,0.0,True
SNPS15bzz,12.0,150.0,1.0,0.08024,1e-05,0.07901,1e-05,0.07931,0.0009,-83.73,250.0,0.02,-9.0,-9.0,-999.0,-999.0,-9.0,-9.0,10.53,0.1,1.38,-999.0,57284.4961,0.6148,-0.8444,0.2388,-0.0094,0.028,18.3441,0.0385,18.325,0.0008248,2.9278e-05,-0.0011,0.0,-0.0,21.0,0.3635,-9.0,-9.0,-9.0,-9.0,-9.0,37.6482,0.093,0.0,-0.0687,0.955,0.0,True
SNPS15cms,65.0,150.0,1.0,0.06479,3e-05,0.06603,3e-05,0.06627,0.00089,-69.58,250.0,0.02,-9.0,-9.0,-999.0,-999.0,-9.0,-9.0,10.67,0.09,1.08,-999.0,57326.543,0.2466,1.0692,0.1663,0.0223,0.0284,17.8535,0.0415,18.0507,0.001296,4.9539e-05,0.0001,-0.0,-0.0,24.0,0.9625,-9.0,-9.0,-9.0,-9.0,-9.0,37.3739,0.1045,0.0,-0.0758,1.0,0.003,True
SNPS15cwx,101.0,150.0,1.0,0.03007,0.00011,0.03007,0.00011,0.03086,0.00087,-232.02,250.0,0.15,-9.0,-9.0,-999.0,-999.0,-9.0,-9.0,10.19,0.13,1.54,-999.0,57348.6211,0.0261,-1.4476,0.1089,-0.064,0.025,16.195,0.0439,16.224,0.0059702,0.00024151,-0.0004,-0.0,-0.0,23.0,0.9982,-9.0,-9.0,-9.0,-9.0,-9.0,35.5472,0.1034,0.0,-0.0436,1.0,0.0008,True
SNPS15cze,118.0,150.0,1.0,0.03937,2e-05,0.03891,2e-05,0.04035,0.00087,-414.19,250.0,0.18,-9.0,-9.0,-999.0,-999.0,-9.0,-9.0,10.73,0.3,1.33,-999.0,57364.4375,0.1713,-1.7548,0.2381,0.1204,0.0278,17.6202,0.0489,17.0667,0.0016066,7.2406e-05,0.0009,-0.0,-0.0,21.0,0.0017,-9.0,-9.0,-9.0,-9.0,-9.0,36.3899,0.147,0.0,-0.0853,1.0,0.0122,True
SNPS15mt,135.0,150.0,1.0,0.07085,9e-05,0.07193,9e-05,0.07193,0.0009,-2.23,250.0,0.02,-9.0,-9.0,-999.0,-999.0,-9.0,-9.0,9.21,0.21,0.62,-999.0,57106.0078,0.411,1.4642,0.3776,-0.1036,0.0276,17.877,0.0357,18.4089,0.0012682,4.1674e-05,0.0027,-0.0,-0.0,14.0,0.7522,-9.0,-9.0,-9.0,-9.0,-9.0,37.7321,0.1017,0.0,0.0078,0.889,0.0,True
SNPS16aer,153.0,150.0,1.0,0.05547,1e-05,0.05668,1e-05,0.05693,0.00088,-71.05,250.0,0.02,-9.0,-9.0,-999.0,-999.0,-9.0,-9.0,10.76,0.17,0.9,-999.0,57434.1172,0.157,-0.0396,0.2105,0.0342,0.0226,17.834,0.0289,17.8248,0.0013195,3.5137e-05,0.0015,-0.0,-0.0,25.0,0.3542,-9.0,-9.0,-9.0,-9.0,-9.0,37.148,0.1039,0.0,-0.0851,1.0,0.0046,True
SNPS16axi,171.0,150.0,1.0,0.0393,1e-05,0.04056,1e-05,0.04089,0.00087,-93.28,250.0,0.03,-9.0,-9.0,-999.0,-999.0,-9.0,-9.0,10.53,0.16,1.23,-999.0,57461.2773,0.0155,-0.6738,0.1894,-0.015,0.0244,16.9108,0.0331,16.9342,0.0030881,9.428e-05,0.001,-0.0,-0.0,18.0,0.4198,-9.0,-9.0,-9.0,-9.0,-9.0,36.2574,0.1016,0.0,-0.0664,1.0,0.0024,True
SNPS16ayd,13.0,150.0,1.0,0.05399,1e-05,0.05485,1e-05,0.05469,0.00088,45.73,250.0,0.04,-9.0,-9.0,-999.0,-999.0,-9.0,-9.0,10.82,0.23,1.2,-999.0,57461.1875,0.42,1.0047,0.2204,-0.13,0.0221,17.1542,0.0287,17.7359,0.0024679,6.5226e-05,0.0012,-0.0,-0.0,22.0,0.5753,-9.0,-9.0,-9.0,-9.0,-9.0,37.0591,0.0739,0.0,0.004,0.821,0.0,True
SNPS16bby,30.0,150.0,1.0,0.05342,8e-05,0.0543,8e-05,0.05468,0.00088,-108.88,250.0,0.1,-9.0,-9.0,-999.0,-999.0,-9.0,-9.0,10.56,0.08,1.03,-999.0,57467.3594,0.2785,-1.1653,0.2746,0.0057,0.0288,17.6706,0.0407,17.5599,0.0015338,5.7476e-05,0.0029,-0.0,-0.0,15.0,0.7686,-9.0,-9.0,-9.0,-9.0,-9.0,36.8831,0.1034,0.0,-0.0757,1.0,0.0029,True
SNPS16bnz,48.0,150.0,1.0,0.0627,0.00021,0.06398,0.00021,0.06446,0.00091,-135.38,250.0,0.04,-9.0,-9.0,-999.0,-999.0,-9.0,-9.0,9.41,0.34,1.45,-999.0,57487.6562,0.2552,-1.0652,0.2404,-0.1068,0.028,17.6863,0.0345,17.8375,0.0015118,4.8101e-05,0.0019,-0.0,-0.0,17.0,0.7625,-9.0,-9.0,-9.0,-9.0,-9.0,37.1607,0.0905,0.0,-0.0082,0.946,0.0,True
SNPS16cqa,84.0,150.0,1.0,0.04386,1e-05,0.04433,1e-05,0.04521,0.00087,-252.76,250.0,0.03,-9.0,-9.0,-999.0,-999.0,-9.0,-9.0,10.71,0.14,1.59,-999.0,57545.3398,0.6765,-2.8264,0.4044,0.18,0.0424,18.241,0.069,17.3374,0.000907,5.7605e-05,0.0016,0.0,-0.0,14.0,0.0066,-9.0,-9.0,-9.0,-9.0,-9.0,36.6606,0.194,0.0,-0.0934,1.0,0.0153,True
SNPS16cvc,102.0,150.0,1.0,0.02954,9e-05,0.02844,9e-05,0.02915,0.00086,-206.27,250.0,0.08,-9.0,-9.0,-999.0,-999.0,-9.0,-9.0,8.95,0.14,0.51,-999.0,57564.5938,0.2924,1.2016,0.1321,-0.0934,0.0193,16.0454,0.0312,16.5178,0.0068523,0.00019717,-0.0002,-0.0,-0.0,32.0,0.0487,-9.0,-9.0,-9.0,-9.0,-9.0,35.841,0.1031,0.0,-0.0065,1.0,0.0018,True
SNPS16dnp,119.0,150.0,1.0,0.05127,3e-05,0.04998,3e-05,0.05023,0.00088,-70.97,250.0,0.08,-9.0,-9.0,-999.0,-999.0,-9.0,-9.0,8.23,0.87,0.47,-999.0,57598.4219,0.346,1.031,0.2844,-0.063,0.022,17.2989,0.0312,17.6617,0.0021599,6.2136e-05,0.0015,-0.0,-0.0,19.0,0.1412,-9.0,-9.0,-9.0,-9.0,-9.0,36.9849,0.0936,0.0,-0.0191,1.0,0.0017,True
SNPS16el,136.0,150.0,1.0,0.04781,1e-05,0.04896,1e-05,0.0494,0.00087,-126.33,250.0,0.03,-9.0,-9.0,-999.0,-999.0,-9.0,-9.0,10.21,0.13,1.04,-999.0,57395.1289,0.2265,-0.9979,0.1803,-0.0324,0.0246,17.3411,0.0309,17.3588,0.0020777,5.9055e-05,-0.0,-0.0,-0.0,17.0,0.6027,-9.0,-9.0,-9.0,-9.0,-9.0,36.682,0.0928,0.0,-0.0586,1.0,0.001,True
SNPS16em,154.0,150.0,1.0,0.06982,0.00017,0.07113,0.00017,0.07083,0.00091,84.91,250.0,0.04,-9.0,-9.0,-999.0,-999.0,-9.0,-9.0,10.4,0.15,1.08,-999.0,57386.8828,0.8783,-0.9804,0.1931,0.165,0.0531,18.7629,0.0872,18.2199,0.00056086,4.5028e-05,-0.0023,0.0,-0.0,31.0,0.6864,-9.0,-9.0,-9.0,-9.0,-9.0,37.5431,0.151,0.0,-0.1106,1.0,0.0108,True
SNPS16evk,172.0,150.0,1.0,0.05447,1e-05,0.0532,1e-05,0.05262,0.00088,165.11,250.0,0.06,-9.0,-9.0,-999.0,-999.0,-9.0,-9.0,10.14,0.12,1.38,-999.0,57695.3398,0.6438,1.3994,0.317,-0.0104,0.0265,17.4209,0.0408,17.7577,0.0019304,7.2518e-05,0.002,-0.0,-0.0,10.0,0.4242,-9.0,-9.0,-9.0,-9.0,-9.0,37.0809,0.107,0.0,-0.0605,1.0,0.0021,True
SNPS16fa,14.0,150.0,1.0,0.04611,1e-05,0.04734,1e-05,0.0476,0.00087,-74.09,250.0,0.02,-9.0,-9.0,-999.0,-999.0,-9.0,-9.0,10.6,0.11,0.9,-999.0,57400.4727,0.2595,-0.6071,0.1202,0.0193,0.0183,17.4406,0.0217,17.3815,0.0018956,3.7963e-05,-0.0001,-0.0,-0.0,25.0,0.9235,-9.0,-9.0,-9.0,-9.0,-9.0,36.7047,0.101,0.0,-0.0799,1.0,0.0041,True
SNPS16fbb,31.0,150.0,1.0,0.0525,0.0001,0.05139,0.0001,0.05106,0.00088,91.74,250.0,0.02,-9.0,-9.0,-999.0,-999.0,-9.0,-9.0,9.18,0.16,0.53,-999.0,57719.5898,0.198,0.4393,0.2181,-0.0502,0.0247,17.2858,0.0307,17.526,0.0021861,6.1713e-05,0.0008,-0.0,-0.0,21.0,0.1051,-9.0,-9.0,-9.0,-9.0,-9.0,36.8492,0.0987,0.0,-0.0318,1.0,0.0019,True
SNPS16n,49.0,150.0,1.0,0.05273,2e-05,0.05268,2e-05,0.05309,0.00088,-119.13,250.0,0.07,-9.0,-9.0,-999.0,-999.0,-9.0,-9.0,10.17,0.04,1.26,-999.0,57392.5977,0.2417,-0.0033,0.1769,-0.0524,0.026,17.4285,0.0368,17.6573,0.001917,6.4986e-05,0.0008,-0.0,-0.0,25.0,0.1057,-9.0,-9.0,-9.0,-9.0,-9.0,36.9805,0.0831,0.0,-0.0474,0.907,0.0,True
SNPS17akj,67.0,150.0,1.0,0.04681,1e-05,0.0478,1e-05,0.04777,0.00087,8.61,250.0,0.04,-9.0,-9.0,-999.0,-999.0,-9.0,-9.0,9.11,0.22,0.32,-999.0,57798.8125,0.3103,1.3809,0.2243,-0.0428,0.0229,16.9926,0.0297,17.3492,0.002864,7.8342e-05,0.0,-0.0,-0.0,10.0,0.1038,-9.0,-9.0,-9.0,-9.0,-9.0,36.6724,0.1043,0.0,-0.0197,1.0,0.0022,True
SNPS17bii,85.0,150.0,1.0,0.07339,2e-05,0.07467,2e-05,0.07446,0.0009,58.34,250.0,0.07,-9.0,-9.0,-999.0,-999.0,-9.0,-9.0,10.57,0.1,1.07,-999.0,57812.2031,0.3425,-0.8764,0.2564,-0.0179,0.0362,18.1403,0.0481,18.14,0.00099511,4.4096e-05,0.0009,-0.0,-0.0,15.0,0.2239,-9.0,-9.0,-9.0,-9.0,-9.0,37.4632,0.1058,0.0,-0.066,0.935,0.0,True
SNPS17tn,103.0,150.0,1.0,0.0447,1e-05,0.04549,1e-05,0.0459,0.00087,-116.66,250.0,0.01,-9.0,-9.0,-999.0,-999.0,-9.0,-9.0,10.31,0.09,1.55,-999.0,57785.8125,0.1152,-0.5191,0.1279,0.0697,0.0205,17.3467,0.0261,17.1518,0.0020668,4.9678e-05,0.0005,-0.0,-0.0,34.0,0.7946,-9.0,-9.0,-9.0,-9.0,-9.0,36.475,0.1216,0.0,-0.0871,1.0,0.0084,True
SNPS17yt,120.0,150.0,1.0,0.06976,2e-05,0.07046,2e-05,0.07073,0.00089,-73.43,250.0,0.01,-9.0,-9.0,-999.0,-999.0,-9.0,-9.0,10.17,0.14,0.97,-999.0,57786.7734,0.1708,0.0374,0.2052,-0.121,0.0241,17.7919,0.0329,18.1962,0.0013717,4.1537e-05,0.0009,-0.0,-0.0,44.0,0.9493,-9.0,-9.0,-9.0,-9.0,-9.0,37.5194,0.0704,0.0,-0.0024,0.721,0.0,True
SNPSNJ0153424,155.0,150.0,1.0,0.02565,1e-05,0.02474,1e-05,0.02556,0.00085,-237.62,250.0,0.05,-9.0,-9.0,-999.0,-999.0,-9.0,-9.0,10.65,0.14,1.02,-999.0,57393.6289,0.1308,-0.3973,0.1042,0.1077,0.0196,16.2316,0.0257,15.9297,0.0057724,0.00013652,0.0003,-0.0,-0.0,21.0,0.7127,-9.0,-9.0,-9.0,-9.0,-9.0,35.2529,0.1471,0.0,-0.0791,1.0,0.0117,True
SNPSNJ0859349,32.0,150.0,1.0,0.02812,1e-05,0.02874,1e-05,0.02938,0.00086,-185.72,250.0,0.02,-9.0,-9.0,-999.0,-999.0,-9.0,-9.0,10.35,0.08,0.76,-999.0,57099.0938,0.2586,-0.7746,0.1381,0.0942,0.0195,16.5328,0.025,16.2166,0.0043739,0.00010069,0.0006,-0.0,-0.0,28.0,0.6803,-9.0,-9.0,-9.0,-9.0,-9.0,35.5399,0.1395,0.0,-0.0834,1.0,0.0108,True
SNPSNJ1204051,50.0,150.0,1.0,0.04385,1e-05,0.04502,1e-05,0.04545,0.00087,-123.44,250.0,0.03,-9.0,-9.0,-999.0,-999.0,-9.0,-9.0,10.35,0.09,0.73,-999.0,57170.3359,0.446,1.3891,0.2305,0.0219,0.021,17.0792,0.0268,17.3219,0.0026444,6.5341e-05,0.0007,-0.0,-0.0,14.0,0.0774,-9.0,-9.0,-9.0,-9.0,-9.0,36.6451,0.1094,0.0,-0.0687,1.0,0.0044,True
SNPSNJ2352371,104.0,150.0,1.0,0.02648,1e-05,0.02525,1e-05,0.02596,0.00085,-208.22,250.0,0.04,-9.0,-9.0,-999.0,-999.0,-9.0,-9.0,10.71,0.03,1.65,-999.0,57284.6367,0.4171,-2.1172,0.184,0.0186,0.0256,16.4445,0.0324,16.1367,0.0047446,0.00014154,0.0005,-0.0,-0.0,17.0,0.0156,-9.0,-9.0,-9.0,-9.0,-9.0,35.4599,0.1268,0.0,-0.0719,1.0,0.0047,True
SNPTSS17-niq,138.0,150.0,1.0,0.06828,1e-05,0.0691,1e-05,0.06897,0.00089,35.46,250.0,0.02,-9.0,-9.0,-999.0,-999.0,-9.0,-9.0,10.97,0.38,1.55,-999.0,57842.7305,0.3189,-0.6978,0.1919,-0.0335,0.0282,17.9957,0.0372,18.0616,0.0011369,3.8914e-05,0.0009,-0.0,-0.0,19.0,0.4568,-9.0,-9.0,-9.0,-9.0,-9.0,37.3848,0.0827,0.0,-0.0551,0.87,0.0,True
SNSN2016aqb,156.0,150.0,1.0,0.06289,4e-05,0.06419,4e-05,0.06384,0.00089,100.7,250.0,0.03,-9.0,-9.0,-999.0,-999.0,-9.0,-9.0,10.14,0.1,0.64,-999.0,57450.6367,0.3071,0.8024,0.2577,-0.0958,0.0228,17.4172,0.0287,17.8854,0.001937,5.1171e-05,0.0015,-0.0,-0.0,23.0,0.9957,-9.0,-9.0,-9.0,-9.0,-9.0,37.2086,0.0739,0.0,-0.0217,0.785,0.0,True
SNSN2016ayg,174.0,150.0,1.0,0.04269,0.00012,0.04328,0.00012,0.04349,0.00088,-60.56,250.0,0.04,-9.0,-9.0,-999.0,-999.0,-9.0,-9.0,8.39,0.09,0.92,-999.0,57467.6484,0.1705,-0.1031,0.1685,-0.1105,0.0218,16.9169,0.0281,17.2296,0.0030708,7.9614e-05,0.0005,-0.0,-0.0,13.0,0.055,-9.0,-9.0,-9.0,-9.0,-9.0,36.5529,0.0935,0.0,-0.0036,1.0,0.0014,True
SNSN2016esh,33.0,150.0,1.0,0.04457,3e-05,0.04488,3e-05,0.04583,0.00087,-273.17,250.0,0.03,-9.0,-9.0,-999.0,-999.0,-9.0,-9.0,9.87,0.14,1.36,-999.0,57613.5039,0.2845,-0.8867,0.2778,-0.1334,0.0282,16.839,0.036,17.0814,0.003299,0.00010925,0.0026,-0.0,-0.0,10.0,0.2288,-9.0,-9.0,-9.0,-9.0,-9.0,36.4046,0.0991,0.0,0.012,1.0,0.0009,True
SNSN2016glp,69.0,150.0,1.0,0.08493,0.00012,0.08366,0.00012,0.0841,0.00091,-122.0,250.0,0.05,-9.0,-9.0,-999.0,-999.0,-9.0,-9.0,10.31,0.07,0.92,-999.0,57658.5977,0.2086,1.3113,0.3132,0.1541,0.037,18.8947,0.0561,18.7469,0.00049671,2.5659e-05,0.0031,-0.0,-0.0,30.0,0.0061,-9.0,-9.0,-9.0,-9.0,-9.0,38.0701,0.129,0.0,-0.103,1.0,0.0073,True
SNSN2016glz,87.0,150.0,1.0,0.04099,7e-05,0.03975,7e-05,0.04077,0.00087,-294.35,250.0,0.07,-9.0,-9.0,-999.0,-999.0,-9.0,-9.0,9.81,0.18,1.01,-999.0,57664.5742,0.4417,1.1386,0.2077,-0.024,0.0219,16.6046,0.0301,16.8749,0.0040942,0.00011359,0.0009,-0.0,-0.0,17.0,0.744,-9.0,-9.0,-9.0,-9.0,-9.0,36.1981,0.1065,0.0,-0.031,1.0,0.0042,True
SNSN2016gmb,105.0,150.0,1.0,0.05827,8e-05,0.05708,8e-05,0.0583,0.00089,-343.7,250.0,0.03,-9.0,-9.0,-999.0,-999.0,-9.0,-9.0,9.37,0.13,0.75,-999.0,57656.918,0.8127,1.2026,0.2994,-0.0815,0.0336,17.3421,0.0592,17.7761,0.0020758,0.00011315,0.0003,-0.0,-0.0,11.0,0.9276,-9.0,-9.0,-9.0,-9.0,-9.0,37.0993,0.1051,0.0,-0.0053,1.0,0.0011,True
SNSN2016grz,122.0,150.0,1.0,0.08748,0.0005,0.08656,0.0005,0.08704,0.00103,-133.26,250.0,0.04,-9.0,-9.0,-999.0,-999.0,-9.0,-9.0,9.27,0.15,1.12,-999.0,57669.543,0.7758,1.602,0.4713,0.0416,0.0337,18.629,0.0451,18.7757,0.00063448,2.6352e-05,0.0061,-0.0,-0.0,16.0,0.159,-9.0,-9.0,-9.0,-9.0,-9.0,38.0989,0.121,0.0,-0.0374,1.0,0.005,True
SNSN2016hhv,139.0,150.0,1.0,0.06194,0.00014,0.06067,0.00014,0.06121,0.0009,-151.97,250.0,0.05,-9.0,-9.0,-999.0,-999.0,-9.0,-9.0,10.96,0.12,1.24,-999.0,57692.8516,1.1056,-0.7334,0.4187,-0.1477,0.0459,17.6687,0.0753,18.0181,0.0015364,0.00010653,-0.0078,0.0,-0.0,8.0,0.5932,-9.0,-9.0,-9.0,-9.0,-9.0,37.3413,0.1216,0.0,0.012,0.767,0.0,True
SNSN2016hpx,157.0,150.0,1.0,0.03338,0.00046,0.0337,0.00046,0.03282,0.00098,254.85,250.0,0.02,-9.0,-9.0,-999.0,-999.0,-9.0,-9.0,9.59,0.05,0.62,-999.0,57703.8828,0.2107,0.7788,0.1441,-0.0205,0.025,16.2068,0.0359,16.4084,0.0059059,0.00019524,0.0008,-0.0,-0.0,14.0,0.3805,-9.0,-9.0,-9.0,-9.0,-9.0,35.7316,0.1135,0.0,-0.0312,1.0,0.0046,True
SNSN2016ixf,175.0,150.0,1.0,0.06602,0.00011,0.06723,0.00011,0.06711,0.0009,32.32,250.0,0.03,-9.0,-9.0,-999.0,-999.0,-9.0,-9.0,8.59,0.03,0.92,-999.0,57742.9961,0.8525,0.7045,0.3309,-0.0999,0.0328,17.8042,0.0502,18.2156,0.0013562,6.2739e-05,-0.0013,0.0,-0.0,11.0,0.0464,-9.0,-9.0,-9.0,-9.0,-9.0,37.5388,0.11,0.0,-0.0054,0.937,0.0,True
SNSN2017cii,15.0,150.0,1.0,0.03323,1e-05,0.03337,1e-05,0.03289,0.00086,138.77,250.0,0.06,-9.0,-9.0,-999.0,-999.0,-9.0,-9.0,9.32,0.17,0.62,-999.0,57837.4336,0.6021,0.4862,0.1705,-0.0877,0.0226,16.2875,0.0407,16.6334,0.0054826,0.00020539,-0.0006,0.0,-0.0,14.0,0.4039,-9.0,-9.0,-9.0,-9.0,-9.0,35.9567,0.1025,0.0,-0.0129,1.0,0.0019,True
SNSN2017cjv,52.0,150.0,1.0,0.05953,0.00014,0.06079,0.00014,0.06092,0.0009,-37.28,250.0,0.03,-9.0,-9.0,-999.0,-999.0,-9.0,-9.0,10.72,0.19,1.45,-999.0,57839.9883,0.7264,-1.1511,0.2433,-0.1237,0.0294,17.6706,0.0394,17.8956,0.0015337,5.5708e-05,-0.0015,0.0,-0.0,23.0,0.1313,-9.0,-9.0,-9.0,-9.0,-9.0,37.2189,0.0896,0.0,-0.0056,0.782,0.0,True
SNSN2017ckx,70.0,150.0,1.0,0.02716,0.0,0.02779,0.0,0.02858,0.00086,-229.77,250.0,0.03,-9.0,-9.0,-999.0,-999.0,-9.0,-9.0,10.33,0.06,1.14,-999.0,57846.9961,0.4251,1.487,0.2374,0.0153,0.0259,16.0276,0.0349,16.2996,0.0069654,0.00022415,0.0009,-0.0,-0.0,8.0,0.5028,-9.0,-9.0,-9.0,-9.0,-9.0,35.6228,0.1261,0.0,-0.0615,1.0,0.0045,True
SNSN2017coa,88.0,150.0,1.0,0.04,0.003,0.04045,0.003,0.04095,0.00312,-143.56,250.0,0.06,-9.0,-9.0,-999.0,-999.0,-9.0,-9.0,9.34,0.06,2.29,-999.0,57848.9375,0.4844,0.9624,0.264,-0.0082,0.0266,16.9882,0.037,17.1836,0.0028757,9.7995e-05,0.0012,-0.0,-0.0,10.0,0.5637,-9.0,-9.0,-9.0,-9.0,-9.0,36.5069,0.1214,0.0,-0.0337,1.0,0.0055,True
SNSN2017cpu,106.0,150.0,1.0,0.0544,1e-05,0.05529,1e-05,0.05502,0.00088,78.29,250.0,0.02,-9.0,-9.0,-999.0,-999.0,-9.0,-9.0,11.03,0.2,2.17,-999.0,57847.7383,0.4859,0.8759,0.2563,-0.0668,0.0236,17.0999,0.031,17.5076,0.0025943,7.4145e-05,0.0011,-0.0,-0.0,14.0,0.3778,-9.0,-9.0,-9.0,-9.0,-9.0,36.8308,0.0872,0.0,-0.0396,0.878,0.0,True
SNSN2017hn,123.0,150.0,1.0,0.02385,1e-05,0.02492,1e-05,0.02557,0.00085,-189.32,250.0,0.03,-9.0,-9.0,-999.0,-999.0,-9.0,-9.0,10.58,0.1,1.23,-999.0,57768.2148,0.4098,0.7842,0.2054,-0.01,0.0235,15.6523,0.031,15.8835,0.0098421,0.00028087,0.0006,-0.0,-0.0,8.0,0.8621,-9.0,-9.0,-9.0,-9.0,-9.0,35.2067,0.1183,0.0,-0.055,1.0,0.0029,True
SNSN2017mf,158.0,150.0,1.0,0.02561,1e-05,0.02618,1e-05,0.02598,0.00086,59.01,250.0,0.01,-9.0,-9.0,-999.0,-999.0,-9.0,-9.0,10.57,0.07,0.84,-999.0,57779.0625,0.4538,0.0601,0.2074,0.0217,0.0216,16.0368,0.0282,16.0684,0.0069068,0.00017913,0.001,-0.0,-0.0,9.0,0.7283,-9.0,-9.0,-9.0,-9.0,-9.0,35.3916,0.1237,0.0,-0.0707,1.0,0.005,True
SNSN2017ms,176.0,150.0,1.0,0.02448,1e-05,0.02538,1e-05,0.02591,0.00086,-156.12,250.0,0.01,-9.0,-9.0,-999.0,-999.0,-9.0,-9.0,9.08,0.11,0.79,-999.0,57782.3438,0.0307,0.7902,0.2636,-0.1164,0.0232,15.547,0.0266,16.0189,0.010844,0.00026579,0.0007,-0.0,-0.0,8.0,0.0257,-9.0,-9.0,-9.0,-9.0,-9.0,35.3421,0.116,0.0,-0.0007,1.0,0.0014,True
SNiPTF17dz,81.0,150.0,1.0,0.092,0.01,0.09284,0.01,0.09293,0.01004,-26.35,250.0,0.02,-9.0,-9.0,-999.0,-999.0,-9.0,-9.0,9.87,0.38,2.27,-999.0,57767.3594,1.2266,1.5919,0.9491,0.0752,0.1079,18.9832,0.2087,19.0198,0.00045783,8.8021e-05,0.0444,-0.0,-0.0,13.0,0.5025,-9.0,-9.0,-9.0,-9.0,-9.0,38.343,0.2873,0.0,-0.0336,1.0,0.0052,True
SNnan,,,,,,,,,,,,,,,,,,,,,,,,,,,,,,,,,,,,,,,,,,,,,,,,,,True
