,CIDint,z,zHDERR,Local Mass,Local Mass error,Local U-R,Local U-R error,Host Mass,Host Mass error,Host U-R,Host U-R error
0,1246527,0.3205,0.0001,9.599653,0.07380645,1.531868,0.047099456,11.361028,0.020756794,1.7370071,0.01433304
1,1246529,0.4968,0.0001,9.833467,0.12319833,1.8101387,0.09549485,10.532907,0.01562424,1.2848816,0.019066738
2,1246626,0.3928,0.0001,9.213295,0.047164705,0.8857498,0.06796221,10.66663,0.013124679,0.9696274,0.012892824
3,1247022,0.3576,0.0001,9.675592,0.030635644,0.9977493,0.049066573,10.545601,0.015528298,1.0075569,0.013423612
4,1247217,0.3962,0.0001,9.358826,0.060559552,1.837738,0.08576953,10.692905,0.13201664,1.8494835,0.015671637
5,1247420,0.1503,0.0001,10.299766,0.12469935,1.6376381,0.17190455,10.819375,0.027617719,1.5942612,0.021706507
6,1247537,0.4557,0.0001,8.642819,0.043000937,0.361763,0.038820636,9.905367,0.01481183,0.5287819,0.016682947
7,1248039,0.2257,0.0001,9.13596,0.037376683,1.153595,0.05774656,9.352149,0.025684513,1.2871742,0.026602851
8,1248084,0.2806,0.0001,10.175623,0.08549484,1.908577,0.042486846,10.832067,0.04622837,1.5347595,0.014717966
9,1248243,0.3239,0.0001,8.84777,0.036292322,0.5837021,0.0407338,9.108867,0.021303622,0.6620636,0.025402911
10,1248677,0.3502,0.0001,8.114894,0.12104253,0.2863121,0.11422738,9.60173,0.016177716,0.5246086,0.015323782
11,1248925,0.3431,0.0001,9.165966,0.043279793,0.7935715,0.056049794,9.5555,0.014821024,0.80859375,0.014722729
12,1248936,0.5709,0.0001,8.746442,0.059794545,0.6963692,0.09654348,9.140568,0.08213685,0.7910347,0.08136545
13,1248962,0.4834,0.0001,9.723328,0.08843553,1.6797485,0.062769346,10.130892,0.03511924,1.6919174,0.034687467
14,1249090,0.3862,0.0001,9.522697,0.12690276,1.716217,0.055588555,11.363339,0.13725595,1.7728157,0.017447386
15,1249137,0.2231,0.0001,9.350143,0.029827228,0.8091507,0.055958547,9.714276,0.008017311,0.88298035,0.017918233
16,1249142,0.4132,0.0001,9.160362,0.037384167,0.6129532,0.0472529,10.121792,0.01364824,0.56329346,0.0137632275
17,1249182,0.5613,0.0001,10.53475,0.034225717,1.5477829,0.07038124,11.170246,0.04374543,1.4088173,0.019899374
18,1249209,0.4828,0.0001,9.8668375,0.036837656,1.3689537,0.0556524,10.211743,0.05324723,1.4145355,0.018402932
19,1249264,0.5497,0.0001,10.131138,0.09029101,1.7203445,0.06079026,10.49362,0.037527844,1.4971619,0.03157717
20,1249308,0.228,0.0001,9.82283,0.031162875,1.2177925,0.07960098,11.256675,0.019289086,1.3620415,0.018149694
21,1249371,0.4508,0.0001,10.184928,0.037128784,1.1785965,0.04659135,10.642217,0.01624528,1.0160942,0.0150063615
22,1249395,0.5551,0.0001,9.876225,0.0637868,1.3262901,0.060754307,10.526306,0.04742187,1.2879562,0.029559571
23,1249483,0.283,0.0001,10.442985,0.07236478,1.5293999,0.056748502,10.9165745,0.06464917,1.3916435,0.019506477
24,1249939,0.192,0.0001,10.330874,0.09031352,1.6425896,0.05374562,11.013711,0.03674398,1.683567,0.034279022
25,1249956,0.4463,0.0001,10.281733,0.05083663,1.7129097,0.0548788,10.89589,0.03431041,1.5877991,0.016962279
26,1249970,0.2678,0.0001,8.595186,0.04355187,0.45524597,0.05822959,8.9501915,0.024194676,0.55366516,0.028901065
27,1250017,0.1822,0.0001,8.186894,0.051444173,0.3899269,0.057263725,8.689703,0.042027395,0.48191452,0.048621636
28,1250034,0.1609,0.0001,9.934913,0.023790618,1.0765686,0.079444475,10.440318,0.010567268,1.0624695,0.019632135
29,1250275,0.3832,0.0001,10.034437,0.095183276,1.5178719,0.035627127,10.228787,0.040513746,1.5589409,0.015938431
30,1250357,0.3584,0.0001,9.558563,0.031086048,1.2025108,0.042849552,10.698565,0.036763366,1.3783989,0.0143220965
31,1250435,0.4929,0.0001,8.638732,0.22367845,0.73522186,0.16242832,9.949345,0.014115645,1.1260529,0.028724318
32,1250464,0.3956,0.0001,10.272257,0.10068163,1.5550346,0.091520585,10.359896,0.04452785,1.536644,0.018237436
33,1250532,0.5277,0.0001,9.013278,0.06136497,0.6132393,0.07924643,9.396055,0.023309844,0.43138123,0.030635864
34,1250578,0.2786,0.0001,9.930574,0.03147968,0.86839294,0.041764066,10.181292,0.009908372,0.92115784,0.015075499
35,1250912,0.2189999999999999,0.0001,10.236254,0.06265258,1.4778175,0.06860324,10.552654,0.010356158,1.1326637,0.01721982
36,1250925,0.5514,0.0001,10.108943,0.13136251,1.8383598,0.12595475,11.202729,0.1564366,1.5728416,0.021231143
37,1251381,0.4531,0.0001,9.795149,0.119466536,1.6239967,0.059934247,10.810546,0.03506787,1.5766907,0.016093556
38,1251390,0.434,0.0001,10.052497,0.12015946,1.5673752,0.05091483,10.488946,0.026085146,1.5206108,0.01625525
39,1251436,0.5735,0.0001,8.794633,0.10085413,1.1063194,0.13233781,10.236621,0.012285034,0.8304596,0.023913186
40,1251536,0.5273,0.0001,9.35897,0.04002964,0.8829155,0.08512289,10.754451,0.0130228745,0.939621,0.020223144
41,1251552,0.3549,0.0001,9.073485,0.058093127,0.4904518,0.05189469,9.9257555,0.012520555,0.47174835,0.014192498
42,1251600,0.5576,0.0001,10.163333,0.07033723,1.706356,0.119506925,10.666635,0.046355195,1.5254555,0.020930313
43,1251975,0.4465,0.0001,10.210458,0.038689844,1.2854233,0.077637516,10.85436,0.048598986,1.1993561,0.018001849
44,1252142,0.5529,0.0001,10.018125,0.07269534,1.6372337,0.07048728,10.457917,0.018036382,1.639595,0.023624046
45,1252364,0.5415,0.0001,10.092055,0.085477546,0.94013214,0.06499768,10.632545,0.042197254,0.94431305,0.019275252
46,1252449,0.4654,0.0001,8.90839,0.07302152,1.1643829,0.11939117,10.132666,0.015666733,1.0262299,0.01675815
47,1252751,0.5606,0.0001,10.212841,0.08896795,1.4499397,0.064432,10.530462,0.026817018,1.3983421,0.024649244
48,1252829,0.4517,0.0001,10.512267,0.14078856,1.9169617,0.09478052,10.745433,0.073836,1.5982323,0.020527044
49,1252970,0.462,0.0001,9.741724,0.08566513,0.96736145,0.07009697,10.34764,0.0141326105,0.9591446,0.016874105
50,1253029,0.3461,0.0001,9.009708,0.039114323,1.0967369,0.055367995,10.287285,0.012030117,1.1200523,0.022759276
51,1253046,0.5013,0.0001,9.143225,0.088448904,1.2989502,0.075979754,10.495217,0.05673106,1.4005013,0.03361709
52,1253101,0.4533,0.0001,7.9249296,0.12772666,0.0719223,0.13673201,8.594834,0.07416979,0.76132584,0.10965253
53,1253119,0.3192,0.0001,10.540933,0.10407485,1.7727966,0.038316943,11.00002,0.049666468,1.5193558,0.018918535
54,1253180,0.4615,0.0001,9.177082,0.06805753,1.1615486,0.099948235,10.762815,0.013518198,1.3005219,0.016979525
55,1253243,0.5773,0.0001,9.355994,0.0831533,1.4137192,0.09923075,10.614555,0.030218028,1.56604,0.028304499
56,1253474,0.4467,0.0001,10.227321,0.08104177,1.5453606,0.09433256,10.965311,0.01803712,1.4620895,0.015212597
57,1253572,0.5197,0.0001,9.218292,0.05942641,0.80462265,0.09245672,9.685661,0.040148277,0.5423393,0.026205625
58,1254000,0.5329999999999999,0.0001,9.662174,0.05773588,0.8512001,0.07155421,10.305464,0.011716012,0.6901245,0.019491386
59,1254002,0.5359,0.0001,10.170224,0.07412541,1.5836983,0.046298034,10.692695,0.019861583,1.5904045,0.020690475
60,1254299,0.495,0.0001,10.269475,0.049405638,1.6091232,0.07983557,10.83193,0.014165104,1.0220261,0.018942239
61,1254746,0.4856,0.0001,9.225164,0.09006705,0.7114525,0.085350424,11.405142,0.01962996,2.1191216,0.024744662
62,1255008,0.4438,0.0001,10.404279,0.09638575,1.8024178,0.05463094,10.83966,0.10887165,1.6532516,0.021623516
63,1255312,0.3556,0.0001,9.7287655,0.030789811,1.4826775,0.042749513,10.593865,0.05431565,1.3964844,0.014320674
64,1255399,0.3814,0.0001,8.829875,0.05565579,0.87678146,0.054209217,10.73597,0.024913557,1.2982903,0.013469819
65,1255412,0.3720000000000001,0.0001,9.5506115,0.0465048,0.98152924,0.05638702,10.443614,0.011274449,0.9405441,0.013254987
66,1255470,0.4688,0.0001,9.846535,0.119873025,1.5064354,0.088487536,10.898914,0.053660903,1.4328728,0.019028788
67,1255487,0.4501,0.0001,9.036489,0.04854858,0.4155197,0.08301233,9.479946,0.019852892,0.3682022,0.017858027
68,1255523,0.5554,0.0001,10.642875,0.12881477,1.7796478,0.09859242,10.82063,0.013755979,1.7262039,0.02249374
69,1255576,0.2801,0.0001,8.533495,0.048950907,1.233963,0.09288001,10.7590475,0.048470944,1.4245987,0.036951505
70,1256332,0.478,0.0001,8.917169,0.08575318,1.1634216,0.13394445,9.91511,0.016035303,1.1006584,0.01872219
71,1256505,0.5563,0.0001,9.146092,0.11402404,1.1856041,0.08344596,10.305082,0.04894541,1.6554832,0.035004873
72,1256570,0.3473,0.0001,9.969585,0.034224972,1.7527122,0.08260879,10.286638,0.026610943,1.711277,0.014232994
73,1256680,0.2944,0.0001,9.086115,0.11397781,0.41158676,0.077318996,9.646494,0.04432175,0.17482376,0.02975886
74,1256701,0.4363,0.0001,9.682152,0.10777449,1.6934395,0.08190895,10.348072,0.05886409,1.6172447,0.02076148
75,1256764,0.5565,0.0001,8.941235,0.06713928,1.2156792,0.11142795,10.492291,0.019053562,0.7620926,0.021225834
76,1256817,0.4798,0.0001,10.377516,0.049292002,1.6102219,0.14996625,10.802581,0.016699456,1.4499245,0.016492657
77,1256933,0.3528,0.0001,8.56996,0.055597987,0.5243454,0.063436665,10.562118,0.018264959,0.7774124,0.020851688
78,1257016,0.3376,0.0001,9.242073,0.042761836,0.7234688,0.045033842,9.734617,0.012839701,0.7166176,0.01520221
79,1257022,0.3868,0.0001,7.9889283,0.34617138,1.0938835,0.67375106,10.58695,0.018249117,1.3835335,0.013291722
80,1257040,0.3518,0.0001,8.281188,0.06131975,0.8659897,0.10971741,10.682215,0.019706888,1.0317345,0.013618842
81,1257102,0.4733,0.0001,8.802114,0.0475823,0.4720497,0.06385129,9.440418,0.023183737,0.5715256,0.02540554
82,1257144,0.5254,0.0001,9.17776,0.063703425,0.737175,0.07289401,9.862262,0.026696315,0.6573601,0.018672809
83,1257335,0.4841,0.0001,9.151119,0.042182315,0.5202522,0.047172315,9.992498,0.016947076,0.47426224,0.024440894
84,1257609,0.3339,0.0001,10.212621,0.08744964,1.9516678,0.043114267,10.855547,0.009679948,1.8630676,0.013468166
85,1257673,0.4659,0.0001,8.74483,0.10762341,0.8085327,0.097220026,9.044103,0.15706097,0.7727318,0.08708797
86,1257695,0.1838,0.0001,8.364022,0.06474717,0.45861053,0.08857647,9.696569,0.0259076,0.5169716,0.028060937
87,1257775,0.476,0.0001,8.278048,0.08605975,0.2205162,0.10015471,9.642422,0.01827546,0.28681564,0.020181034
88,1258090,0.3666,0.0001,9.851731,0.118546605,1.4572716,0.05135839,10.016385,0.0406864,1.4817696,0.019230064
89,1258191,0.5169,0.0001,9.676897,0.068946086,1.237484,0.1293343,10.357086,0.016437508,0.99731064,0.019673653
90,1258309,0.4762,0.0001,8.788551,0.03699581,0.20090485,0.064530306,9.000739,0.029587168,0.08912659,0.03846974
91,1258330,0.5247,0.0001,8.680206,0.043527283,0.5761566,0.072043814,9.570957,0.05381849,0.59119034,0.027378457
92,1258422,0.521,0.0001,9.595189,0.061577406,1.0659523,0.10903212,10.329508,0.017956933,0.9265785,0.019130858
93,1258940,0.4259,0.0001,8.626582,0.054344296,0.7890892,0.051705517,10.785925,0.020944396,1.1637192,0.015313798
94,1259006,0.5279,0.0001,7.5969634,0.08315465,0.11377716,0.18097344,8.924398,0.042942367,0.27336502,0.045276884
95,1259246,0.2228,0.0001,9.388725,0.04963433,1.4034119,0.067275986,10.975498,0.024819043,1.4985619,0.019649824
96,1259341,0.2721,0.0001,8.443738,0.080759674,0.42359543,0.100005776,8.563087,0.037550375,0.40933228,0.03774715
97,1259352,0.2197,0.0001,10.217961,0.07970034,1.5354996,0.071700275,10.506988,0.07473242,1.6342659,0.03701493
98,1259412,0.3049,0.0001,8.897359,0.045214128,0.5757446,0.046740524,10.392526,0.013844359,0.79436874,0.014291635
99,1259500,0.5616,0.0001,9.12724,0.05594286,0.785347,0.10790082,10.111064,0.012816972,0.706192,0.021008044
100,1259511,0.3271,0.0001,9.290359,0.041051697,1.1636162,0.057359934,10.827164,0.0701941,1.4461861,0.01847684
101,1259538,0.5124,0.0001,8.339329,0.061325904,0.26717758,0.13566613,9.173676,0.021303292,0.30094147,0.02012234
102,1259585,0.564,0.0001,9.992244,0.05639367,1.3668098,0.14640577,10.468948,0.020470371,1.1217422,0.024222232
103,1259771,0.5323,0.0001,8.318774,0.058372755,0.32944107,0.10664752,9.126277,0.03007353,0.5180092,0.0462203
104,1259972,0.5222,0.0001,8.627705,0.047215007,0.37906265,0.07635093,8.923139,0.060207807,0.18565369,0.06591385
105,1260000,0.5506,0.0001,9.199191,0.05518327,0.80522156,0.0781518,9.796987,0.021806126,0.82224655,0.02526596
106,1260030,0.4581,0.0001,9.142789,0.047529362,0.818943,0.05856306,10.389173,0.022936735,0.8611145,0.016243866
107,1260050,0.2728,0.0001,8.972578,0.036831755,1.2035332,0.061987318,10.467199,0.054073922,1.5090523,0.026213737
108,1260058,0.3895,0.0001,9.367436,0.045005605,0.98078156,0.043865252,9.868815,0.013883811,1.0791664,0.018546395
109,1260107,0.4299,0.0001,9.190408,0.059632827,0.8415985,0.05946471,9.705585,0.029385867,0.804718,0.03094877
110,1260159,0.4303,0.0001,9.262652,0.06214201,1.0836182,0.06356333,11.02683,0.06322923,1.4756737,0.016127419
111,1260241,0.3334,0.0001,10.640341,0.099263914,1.8280525,0.06051323,10.992846,0.05147042,1.5659065,0.017818047
112,1260889,0.5289,0.0001,9.297652,0.09052,1.380516,0.09421598,10.155125,0.019574422,1.4358368,0.027949926
113,1261233,0.5317,0.0001,8.512308,0.030824542,0.33343124,0.091086134,9.222771,0.013573104,0.14854813,0.0224157
114,1261503,0.3521,0.0001,10.386939,0.11292835,1.7573547,0.0699281,10.661257,0.073741555,1.7011795,0.020604556
115,1261579,0.3221,0.0001,8.855838,0.040749174,1.3993416,0.053592477,11.164474,0.024486786,1.6290131,0.01561631
116,1262016,0.4669,0.0001,8.927593,0.045936182,0.3738594,0.08792981,9.375555,0.016175088,0.24523926,0.016750963
117,1262131,0.3379999999999999,0.0001,9.856502,0.108581774,1.6672249,0.062454157,10.179567,0.08658853,1.6377182,0.022347586
118,1262135,0.3829999999999999,0.0001,9.252433,0.055821992,0.7901764,0.051204536,10.829304,0.013098084,1.1006012,0.014275182
119,1262181,0.4695,0.0001,9.372571,0.08927257,0.82660675,0.091960594,10.538719,0.016125675,0.83379745,0.018149046
120,1262190,0.3339,0.0001,8.981643,0.03816258,0.5968666,0.04532337,10.73433,0.014803042,0.67653275,0.01585841
121,1262252,0.4529,0.0001,8.28727,0.07430266,0.39149857,0.085179575,9.537608,0.017130997,0.3336525,0.017679026
122,1262267,0.5621,0.0001,10.368626,0.060786583,1.6238708,0.06769194,11.023631,0.039859302,1.5184402,0.020919679
123,1262550,0.2921,0.0001,9.619841,0.03353253,0.9982033,0.039193023,10.394404,0.014816699,1.0449448,0.013503016
124,1262573,0.2375,0.0001,9.556517,0.08489742,1.6179199,0.06310112,11.062949,0.041549735,1.7138023,0.016631471
125,1262726,0.251,0.0001,10.486148,0.045408886,1.9907494,0.0627171,10.731624,0.023706308,1.7289314,0.016297227
126,1262746,0.2308,0.0001,9.831843,0.045173924,1.4902306,0.080770135,10.420587,0.017241627,1.496994,0.016246963
127,1263273,0.5046,0.0001,10.000474,0.096248075,1.6024208,0.06504643,10.155938,0.021443615,1.5356789,0.02465745
128,1263291,0.3936,0.0001,8.62665,0.050822034,0.71004486,0.06432659,8.726248,0.04345154,0.38894653,0.041925702
129,1263369,0.3125,0.0001,9.428203,0.030697195,1.1183548,0.03735492,10.399167,0.012446354,1.0003433,0.014479216
130,1263579,0.5616,0.0001,9.310355,0.05982564,1.2752419,0.07748922,10.856705,0.03166142,1.5770416,0.026311774
131,1263715,0.2919,0.0001,8.447176,0.05561671,0.49473572,0.0595034,8.640429,0.06465079,0.3979683,0.047561742
132,1263893,0.4159,0.0001,8.86376,0.051839296,0.43642426,0.046306875,8.942921,0.015457309,-1.5142593,0.16822122
133,1263930,0.4358,0.0001,9.321261,0.08804118,0.82975006,0.07322033,10.0812235,0.016108882,0.5081253,0.017946698
134,1263936,0.4952,0.0001,8.87067,0.105408564,0.63197327,0.08039534,10.094325,0.015305029,0.5286522,0.019066246
135,1263989,0.3384,0.0001,10.40029,0.06811231,1.8949547,0.033187807,10.60494,0.07071889,1.7632217,0.015875442
136,1264039,0.4246,0.0001,8.537135,0.033348605,0.26024246,0.0565034,9.165413,0.018409586,0.36405182,0.013551013
137,1264068,0.3305,0.0001,9.376756,0.043015767,0.5560379,0.043125693,10.1075,0.015865285,0.5521965,0.015833087
138,1264106,0.4273,0.0001,10.002062,0.090617545,1.7173233,0.044040613,10.280634,0.026744235,1.6243896,0.018528052
139,1264434,0.3107,0.0001,10.739043,0.09816842,1.8731155,0.07379353,10.951583,0.05549942,1.4257202,0.016349943
140,1264499,0.4484,0.0001,10.233489,0.020873684,1.7941551,0.077396534,10.5593815,0.01995916,1.5958557,0.016294232
141,1264512,0.3603,0.0001,6.536557,0.16200466,-1.292057,0.49253398,8.974722,0.028363356,0.5300598,0.04216902
142,1264631,0.5529999999999999,0.0001,8.326374,0.055672385,0.120204926,0.10308131,8.807959,0.03017451,0.29458237,0.038047485
143,1264948,0.5039,0.0001,9.953312,0.10838134,1.5518951,0.077431336,10.275252,0.036207806,1.5351715,0.02442505
144,1265089,0.4447,0.0001,9.00534,0.06970859,1.1614761,0.06766149,10.924503,0.015582627,1.0650368,0.015744396
145,1265426,0.4203,0.0001,8.565612,0.054742824,0.39279556,0.044699647,9.395012,0.018065518,0.39279175,0.013205723
146,1265832,0.3988,0.0001,9.875819,0.04875127,1.3821449,0.048840202,10.789926,0.06715964,1.4930458,0.013960742
147,1266830,0.57,0.0001,10.571752,0.12273853,1.6248932,0.08633212,10.831822,0.0223569,1.412983,0.023056298
148,1273127,0.1894,0.0001,10.195215,0.06409624,1.5916214,0.06013003,10.476522,0.011818948,1.4662056,0.020026056
149,1275873,0.4019,0.0001,10.411655,0.104357615,1.6767311,0.058794077,10.874543,0.059261534,1.5135193,0.014115283
150,1276034,0.4923,0.0001,8.185199,0.078521594,0.9193039,0.1394156,10.7420435,0.013986125,0.94218445,0.018383533
151,1276513,0.1628,0.0001,10.801716,0.033212084,1.7694588,0.063667096,10.942706,0.023976138,1.5916405,0.026345905
152,1276546,0.3533,0.0001,8.303625,0.054969024,0.45917892,0.08698814,8.757164,0.06653786,0.36693573,0.0720654
153,1277715,0.346,0.0001,8.417621,0.033576887,0.40052795,0.03776987,9.08669,0.009329109,0.071186066,0.014877839
154,1278602,0.348,0.0001,9.463579,0.10018144,1.7149506,0.07806858,10.302549,0.011000034,1.346775,0.014913548
155,1279420,0.2569,0.0001,10.630111,0.03731845,1.9092827,0.048753876,10.956515,0.053668305,1.7580795,0.018796213
156,1279488,0.4941,0.0001,8.546437,0.06638812,0.77612686,0.07875832,9.2241335,0.034748476,0.45176697,0.036552694
157,1279500,0.2347,0.0001,8.908637,0.05337984,1.0751648,0.08510949,9.67704,0.008358037,0.9208412,0.01635275
158,1279501,0.5653,0.0001,9.666236,0.12012692,1.3363304,0.09481923,10.258403,0.045444787,1.3420944,0.033774827
159,1281008,0.4139,0.0001,8.757588,0.055778846,0.7251129,0.067788385,9.5286455,0.047106322,-0.6443939,0.021568097
160,1281638,0.4552,0.0001,10.307626,0.08172714,1.8306885,0.061411157,10.650625,0.022652877,1.6825714,0.015743023
161,1281668,0.307,0.0001,9.054048,0.04023181,0.7960167,0.041688785,9.938347,0.012336709,0.8357849,0.0143123865
162,1281879,0.5055,0.0001,9.802976,0.05641191,1.1265335,0.07836316,10.613553,0.0151876155,1.0609016,0.018514222
163,1281886,0.3839,0.0001,9.154722,0.04286711,0.8909569,0.056898437,9.385982,0.017093303,0.9745903,0.03734292
164,1282018,0.4238,0.0001,10.20464,0.047831204,1.5717926,0.07471593,10.736705,0.0334229,1.4945526,0.015007594
165,1282112,0.4515,0.0001,8.654343,0.059018817,0.45035553,0.09540154,9.146277,0.044837758,0.31349945,0.0609215
166,1282114,0.2178,0.0001,9.832752,0.038731188,0.99702835,0.0631141,10.179205,0.009705819,0.89357376,0.01731607
167,1283272,0.3835,0.0001,10.390244,0.09408882,1.8437347,0.046004992,10.5628805,0.04232338,1.5203476,0.014733119
168,1283373,0.2075,0.0001,9.960508,0.10237806,1.691082,0.06303122,10.248464,0.06038187,1.700634,0.018402139
169,1283855,0.5654,0.0001,9.9880495,0.100881435,1.5710335,0.10647321,10.952765,0.03806697,1.4826012,0.024012417
170,1283878,0.3135,0.0001,10.476944,0.081176184,1.8558006,0.06115194,11.197675,0.015490542,1.6935387,0.014127498
171,1283936,0.3686,0.0001,9.155817,0.045826197,0.769577,0.042606577,9.578911,0.029672114,0.7502098,0.018657947
172,1284066,0.3798,0.0001,9.403757,0.0361984,0.09332657,0.036115527,9.763832,0.024463315,0.078746796,0.012233467
173,1285317,0.5644,0.0001,8.068009,0.04666383,-0.43169022,0.09848448,8.5256405,0.062317107,-0.08314896,0.12400699
174,1286398,0.1501,0.0001,10.031838,0.12279458,1.7953758,0.11756647,10.378858,0.023873774,1.2973251,0.032635644
175,1289288,0.29,0.0001,10.186792,0.030824834,1.2632103,0.038759213,10.607741,0.010494059,1.2932167,0.015169403
176,1289306,0.5427,0.0001,10.380598,0.085565396,1.6991959,0.11565302,10.865388,0.013169056,1.4247551,0.022107616
177,1289555,0.5617,0.0001,8.526147,0.042707827,0.077877045,0.078801535,9.002805,0.041056335,0.26216888,0.062340945
178,1289600,0.4193,0.0001,8.620814,0.04580564,0.23940659,0.032155488,9.4153385,0.01805063,0.36873627,0.015623978
179,1289714,0.5358,0.0001,9.161117,0.07756969,1.4307709,0.06504322,10.297883,0.040612742,1.5665855,0.03124801
180,1289794,0.4332,0.0001,10.054096,0.0983957,1.7414246,0.07888553,10.495299,0.034825817,1.5611763,0.021701265
181,1289913,0.385,0.0001,9.01169,0.12990856,1.4369049,0.16391404,9.881423,0.02734119,1.5240402,0.042786725
182,1290007,0.4311,0.0001,9.303218,0.04448697,0.8304367,0.09321231,9.866952,0.014483992,0.752018,0.01654727
183,1290332,0.5692,0.0001,9.622592,0.0957087,1.3357391,0.20819333,10.203904,0.0132201975,0.8669777,0.022904461
184,1290995,0.5435,0.0001,9.301542,0.058705483,0.8293953,0.09048651,10.288877,0.013696957,0.8014908,0.020935552
185,1291090,0.292,0.0001,8.993149,0.04589156,0.49301147,0.046955287,9.377603,0.04604988,0.27437592,0.028116044
186,1291155,0.5109,0.0001,9.376088,0.07596488,1.3130989,0.12371833,10.704977,0.045188785,1.7127914,0.022159137
187,1291159,0.5398,0.0001,9.795175,0.09429344,1.6715546,0.092214935,11.101107,0.044236578,1.7329559,0.024174664
188,1291242,0.2791,0.0001,9.441736,0.06398176,0.72200394,0.06493759,9.863144,0.017366866,0.5505867,0.019852335
189,1291254,0.3502,0.0001,9.466304,0.034748003,0.9787636,0.047704246,9.906858,0.01056266,0.99489975,0.015266408
190,1291783,0.3985,0.0001,9.524239,0.05190466,0.9583473,0.06328806,10.217843,0.018661588,0.9150734,0.016506275
191,1291788,0.384,0.0001,8.485169,0.041280206,0.24729538,0.048289917,9.064631,0.022870515,0.27733994,0.020138117
192,1291794,0.3951,0.0001,9.385337,0.038177893,1.2585678,0.055434085,10.598685,0.036927793,1.3535767,0.012690306
193,1292033,0.3247,0.0001,8.716807,0.06135583,0.6517296,0.04450149,8.934769,0.029552504,0.4785843,0.02938537
194,1292332,0.2726,0.0001,10.012971,0.09686315,1.7007103,0.058811873,10.198445,0.04348559,1.6807594,0.027477589
195,1292650,0.4904,0.0001,9.793338,0.09908728,1.852932,0.1431547,10.091142,0.027299596,1.4324303,0.047064774
196,1292997,0.4145,0.0001,9.974791,0.09737044,1.8741493,0.08368857,11.206772,0.030496802,1.6822243,0.014244288
197,1293006,0.5043,0.0001,10.461556,0.14641978,1.7411919,0.08461495,11.160527,0.038006164,1.6707458,0.018958371
198,1293366,0.3204,0.0001,10.740068,0.08749843,2.0171814,0.050475582,11.138131,0.11643472,1.8737907,0.0188372
199,1293921,0.5049,0.0001,9.372598,0.055655736,1.0197983,0.18572043,10.372902,0.013693575,0.999115,0.019423041
200,1294340,0.3609,0.0001,8.962553,0.038528707,0.25317383,0.038847983,9.795903,0.0189716,0.35060883,0.015316379
201,1294341,0.368,0.0001,9.946314,0.07695572,1.0721855,0.039283793,10.36678,0.038916785,1.0857964,0.015661353
202,1294351,0.3383,0.0001,8.923569,0.06246171,0.44713593,0.06204814,9.227867,0.031233089,0.37667847,0.01585323
203,1294743,0.3126,0.0001,9.399243,0.057019003,1.0574112,0.060659457,10.264114,0.011777581,0.958622,0.014278901
204,1295249,0.5327,0.0001,10.255035,0.1218042,1.6535873,0.106985636,10.615503,0.034951314,1.515625,0.023238305
205,1295285,0.5251,0.0001,9.235165,0.10026316,1.5175476,0.16257048,10.300777,0.026101483,1.5038605,0.024503298
206,1295315,0.3489,0.0001,10.7924595,0.051504355,2.0315666,0.069130376,10.852596,0.10183504,1.7055664,0.01999974
207,1295592,0.3563,0.0001,9.733307,0.056523204,1.3824196,0.06838945,10.9832,0.011738332,1.5279198,0.0135771595
208,1296321,0.1844,0.0001,8.969442,0.05750907,0.60235596,0.08425161,9.256336,0.019757206,0.67700195,0.03259384
209,1296963,0.4881,0.0001,9.85489,0.04113204,1.0465851,0.07727958,10.802254,0.0168198,1.0396042,0.018505668
210,1297061,0.5339,0.0001,9.49508,0.07485553,1.2056694,0.0778692,10.0044565,0.021445842,1.2001076,0.031097742
211,1297063,0.4352,0.0001,9.820666,0.033261307,1.1512222,0.058576047,10.576216,0.013534992,0.97998047,0.013944235
212,1297157,0.5489,0.0001,10.232821,0.09440847,1.1811295,0.1299396,10.641802,0.048547782,1.070488,0.02214171
213,1297318,0.3348,0.0001,9.494243,0.04941388,0.73363876,0.09725583,10.035567,0.018066725,0.6491852,0.0155367935
214,1297353,0.544,0.0001,8.731125,0.109070905,0.89527893,0.17821918,9.658167,0.050757773,0.98895264,0.04633229
215,1297465,0.2778,0.0001,8.713366,0.040580034,0.8799324,0.08080693,9.994093,0.010505004,0.9114647,0.014932468
216,1297742,0.4626,0.0001,10.201194,0.11077025,1.7236328,0.108513944,10.852963,0.031658225,1.3686829,0.015431575
217,1298079,0.2605,0.0001,10.053493,0.034081303,1.9498711,0.03595707,11.079313,0.011482228,1.478508,0.015687713
218,1298266,0.4893,0.0001,9.3222475,0.058398873,0.91830826,0.07151353,9.927405,0.0188032,0.83981705,0.023150582
219,1298375,0.345,0.0001,9.058654,0.07451942,1.8496399,0.10447788,10.447584,0.012291142,1.0944176,0.014487631
220,1299034,0.5142,0.0001,10.313935,0.10860616,1.8883781,0.10392104,10.650541,0.031714156,1.7581673,0.02445728
221,1299746,0.3657,0.0001,9.911783,0.061482012,1.5579758,0.107182495,10.24474,0.011526567,1.1493988,0.013538247
222,1299758,0.4724,0.0001,9.183944,0.099309586,1.0613747,0.16230193,10.251475,0.013234103,1.073307,0.017268645
223,1299775,0.1601,0.0001,10.452099,0.03966564,1.945118,0.0626254,10.690676,0.012365485,1.6958656,0.020994704
224,1300025,0.4136,0.0001,8.554216,0.052282788,1.7472992,0.28028956,9.774939,0.074189916,1.3106651,0.041724205
225,1300179,0.317,0.0001,8.876974,0.0459097,0.57709503,0.054634962,9.948852,0.01396725,0.6749878,0.015641782
226,1300390,0.2676,0.0001,10.20065,0.13211554,1.8091354,0.12532535,10.344785,0.057724524,1.6138878,0.045158524
227,1300470,0.5141,0.0001,9.51507,0.04474132,1.355938,0.08592327,10.680401,0.014998687,1.222786,0.019715533
228,1300912,0.3376,0.0001,8.754079,0.05379022,0.64043045,0.06335219,9.569301,0.015106047,0.579834,0.015531766
229,1301332,0.4675,0.0001,9.989546,0.046325617,1.3085518,0.061007373,10.641555,0.018295456,0.9957886,0.016729558
230,1301922,0.5262,0.0001,9.755228,0.0714638,1.0071793,0.11846384,10.332281,0.014666932,0.8128128,0.019704046
231,1301933,0.3296,0.0001,6.7786055,0.31198877,0.15395355,0.618347,9.715232,0.013268512,0.8119736,0.014528974
232,1301936,0.3429999999999999,0.0001,8.735954,0.055226814,0.48126602,0.082952775,8.905057,0.025165712,0.41143036,0.022053609
233,1302055,0.5433,0.0001,8.854887,0.13841082,0.990242,0.16182974,11.078744,0.055660512,1.6402245,0.027006555
234,1302058,0.1984,0.0001,9.390077,0.043510545,0.99689865,0.087594524,9.841109,0.010125711,1.0552139,0.018490719
235,1302110,0.4535,0.0001,9.140033,0.050289705,0.9098358,0.066431165,10.570538,0.013352512,1.0780869,0.016523667
236,1302117,0.4924,0.0001,9.829263,0.083679155,1.5316124,0.093313284,10.464795,0.03189386,1.6191788,0.022008821
237,1302123,0.2916,0.0001,9.777575,0.03604801,1.27771,0.07746174,10.531447,0.011290237,1.1839447,0.013744759
238,1302187,0.2195,0.0001,10.980377,0.037879545,2.7855911,0.063400134,11.078854,0.01651775,1.4573898,0.01723519
239,1302353,0.5719,0.0001,9.239825,0.11503352,1.1606789,0.14816205,10.6479025,0.020511735,1.2230034,0.02476825
240,1302359,0.2531,0.0001,10.330743,0.07166737,1.7272377,0.0479469,11.143924,0.012256727,1.640728,0.015644876
241,1302418,0.4778,0.0001,10.053437,0.116642304,1.9177017,0.112255335,10.6897545,0.04089454,1.6824608,0.025464624
242,1302523,0.4239,0.0001,9.251951,0.03277874,1.1662331,0.049496528,10.298422,0.011837886,1.0370941,0.012726221
243,1302648,0.2317,0.0001,10.020976,0.095337905,1.6432686,0.060539287,10.242555,0.06949487,1.5947266,0.034252383
244,1302915,0.3592,0.0001,9.056706,0.033451177,1.1947784,0.06515642,10.227948,0.01421342,1.0720367,0.014051783
245,1303140,0.4959,0.0001,9.531213,0.14382342,1.0474281,0.15446173,10.053932,0.017170139,0.92910004,0.021294046
246,1303215,0.3287,0.0001,9.653173,0.08774126,1.6699562,0.058241095,10.17089,0.010356668,1.3140869,0.014009883
247,1303317,0.4743,0.0001,9.442472,0.075345516,1.1486969,0.15183249,10.7331295,0.014043194,1.0681763,0.016208092
248,1303776,0.3963,0.0001,10.119688,0.09032055,1.4428558,0.10060405,10.443353,0.07497534,1.6011238,0.016142603
249,1303883,0.259,0.0001,9.577329,0.044147033,1.3811226,0.048549995,10.650899,0.023028003,1.5799904,0.01690297
250,1303952,0.5626,0.0001,9.01736,0.06561485,1.6184273,0.21105763,11.3371,0.058840673,1.390213,0.026333055
251,1304501,0.5188,0.0001,8.384691,0.05965194,-0.045707703,0.066414036,9.382476,0.019394016,0.16643906,0.023878274
252,1304503,0.5297,0.0001,9.69883,0.1125656,1.6224136,0.15217987,10.5749445,0.016083773,1.3791809,0.020961821
253,1304777,0.4048,0.0001,7.714723,0.13826256,1.0228767,0.3444357,11.12499,0.018668063,1.8803635,0.014931704
254,1304779,0.5599,0.0001,9.086774,0.07319095,0.90966415,0.094272,10.39352,0.01358416,0.91439056,0.021445252
255,1305051,0.2989,0.0001,9.096352,0.05590299,0.5748482,0.056576066,10.034286,0.021790756,0.532074,0.019622812
256,1305276,0.2529,0.0001,9.577171,0.031420678,1.1098251,0.063950606,10.178724,0.011816507,1.1649742,0.016038433
257,1305350,0.4926,0.0001,8.923492,0.047437377,0.28647232,0.07423832,9.471518,0.017871719,0.2758789,0.018369118
258,1305387,0.4247,0.0001,9.411237,0.09666353,0.8217735,0.086333804,9.806654,0.015812973,0.64923096,0.016467864
259,1305504,0.4956,0.0001,8.961272,0.043291785,1.6249275,0.13060041,11.238884,0.012781514,1.6452713,0.016791344
260,1305626,0.3256,0.0001,8.993813,0.06052454,0.93553925,0.057648253,9.237718,0.011094826,0.86478806,0.020687912
261,1305785,0.4733,0.0001,10.394418,0.082568064,1.7719116,0.06897015,10.837799,0.044137884,1.5700531,0.01572003
262,1305807,0.57,0.0001,8.683345,0.07403342,0.77030563,0.10680268,9.136556,0.053246774,0.68201447,0.07945082
263,1305835,0.342,0.0001,10.387673,0.1267409,1.8501205,0.05634866,10.676333,0.054781612,1.7519798,0.014360531
264,1306141,0.3324,0.0001,8.526576,0.0681338,0.6801071,0.083806366,9.72331,0.015413608,0.5946312,0.015579724
265,1306360,0.4548,0.0001,9.646086,0.04555062,1.4093895,0.054500666,10.786508,0.02112306,1.3058167,0.015574366
266,1306378,0.361,0.0001,10.01684,0.055967618,1.1520119,0.0741271,10.379488,0.014699577,0.81401825,0.014593689
267,1306390,0.4091,0.0001,10.052911,0.08058177,1.6059837,0.044819504,10.379449,0.024089629,1.5028725,0.018669488
268,1306578,0.4205,0.0001,9.202981,0.1059032,1.2147751,0.14998284,10.394796,0.03735833,1.3294525,0.01459486
269,1306626,0.4209,0.0001,8.435685,0.037820727,0.33112335,0.045272063,8.772971,0.031833116,0.23770905,0.03333192
270,1306736,0.5514,0.0001,9.804657,0.038247887,1.3411331,0.116749644,10.839289,0.018430274,0.9821892,0.020598033
271,1306785,0.5753,0.0001,9.78993,0.15411195,1.5420532,0.18951127,10.876731,0.038071506,1.7473183,0.032452706
272,1306800,0.5735,0.0001,10.446935,0.100182764,1.7102776,0.090046845,10.8454075,0.025441343,1.6704483,0.024256572
273,1306980,0.5467,0.0001,9.549148,0.04477823,1.0818253,0.07633359,10.318813,0.017281879,1.0124474,0.021115724
274,1306991,0.4216,0.0001,10.498951,0.059064083,1.8466797,0.07019285,10.960833,0.02981713,1.6939125,0.015202419
275,1307277,0.4111,0.0001,9.924704,0.06049092,1.2589874,0.07121606,10.322868,0.012843779,1.2422295,0.016103255
276,1307830,0.3493,0.0001,9.165038,0.037839122,1.7422829,0.030804832,10.709349,0.019402182,1.760025,0.013060071
277,1308038,0.3785,0.0001,9.147844,0.067678586,1.4850426,0.048591148,10.143471,0.0119040385,1.4355812,0.01455771
278,1308326,0.3262,0.0001,8.414152,0.04198186,0.4255829,0.053944584,9.4755125,0.025059182,0.37659836,0.015523229
279,1308582,0.3669,0.0001,10.324805,0.015523875,1.6769066,0.040321007,10.735454,0.037191454,1.7160187,0.0138345035
280,1308916,0.4377,0.0001,9.332259,0.024681527,0.55251694,0.047617186,9.80108,0.013887404,0.48125458,0.014460962
281,1309013,0.2126,0.0001,9.625897,0.03541487,0.81251144,0.06932092,10.462503,0.010714539,0.9907608,0.017881386
282,1309288,0.2679,0.0001,10.767009,0.0493312,1.8494911,0.06984153,10.911427,0.014593688,1.3367386,0.015524705
283,1309293,0.3347,0.0001,8.889288,0.08229277,0.95025253,0.08433678,9.2186775,0.02156351,0.92274857,0.036206994
284,1309323,0.4831,0.0001,8.933713,0.074077845,0.50940704,0.12038119,9.21653,0.03246151,0.4201126,0.03970917
285,1309492,0.3335,0.0001,8.947074,0.026100194,0.9676628,0.05421912,9.30825,0.0166398,0.7848244,0.01641775
286,1309632,0.3836,0.0001,9.688594,0.047310915,1.8744469,0.1943692,11.049838,0.03916584,1.7484932,0.013979077
287,1309694,0.4535,0.0001,9.691612,0.04072109,0.65203094,0.08230027,10.288086,0.014921122,0.60098267,0.017319549
288,1309874,0.27,0.0001,10.7699795,0.066850156,1.9597778,0.04940987,11.060821,0.08579399,1.7649269,0.0274892
289,1310182,0.4961,0.0001,9.4312525,0.07607021,1.2099037,0.082002476,9.861531,0.018866045,1.2162704,0.03157183
290,1310367,0.2333,0.0001,10.080897,0.032301288,1.2927094,0.044584617,10.51407,0.010338088,1.2932434,0.016849397
291,1310396,0.3225,0.0001,8.994099,0.038952153,0.616066,0.04637758,9.262284,0.027472014,0.41526031,0.016660698
292,1310432,0.2947,0.0001,9.909901,0.047447346,1.5073738,0.05302934,10.272086,0.011965889,1.342186,0.014850071
293,1310485,0.4331,0.0001,8.666871,0.06569404,0.60412216,0.08282221,9.256086,0.037518892,0.6138954,0.043887526
294,1311247,0.4427,0.0001,10.645825,0.06378356,1.1801796,0.09482149,10.772507,0.035311274,0.8610039,0.016573805
295,1311590,0.5616,0.0001,9.25484,0.102701835,0.7209244,0.115725175,9.796484,0.024461536,0.81061935,0.036858175
296,1311632,0.4242,0.0001,9.855786,0.12527177,1.8125725,0.069478504,10.36685,0.056473486,1.643486,0.03062519
297,1312171,0.5004,0.0001,9.86561,0.043666117,1.1589928,0.06867637,10.45932,0.015389903,0.55345154,0.01948761
298,1312213,0.407,0.0001,9.323586,0.06265795,0.82829285,0.058628023,10.084934,0.012590909,0.7638283,0.014966539
299,1312897,0.2858,0.0001,10.148749,0.1234114,1.988903,0.07182995,10.477554,0.01580147,1.5072174,0.014466754
300,1313026,0.5365,0.0001,9.697762,0.100674875,0.8227806,0.18598641,10.323276,0.0118284235,0.77074814,0.019859133
301,1313057,0.3375,0.0001,9.742071,0.064603634,1.7106895,0.092422985,10.3558235,0.011324327,1.4133301,0.013765499
302,1313230,0.2179,0.0001,9.989762,0.08598035,1.2940788,0.14583188,10.214943,0.012235582,1.3135185,0.017662358
303,1313594,0.2883,0.0001,9.051537,0.06468408,1.0369873,0.08550127,10.0422,0.012438525,1.1799393,0.018615553
304,1313698,0.4362,0.0001,9.385987,0.08191464,0.8070717,0.12372882,9.866688,0.018654134,0.7304573,0.018593844
305,1314047,0.457,0.0001,8.697835,0.11669876,1.1379013,0.14299342,9.704339,0.014354625,0.9315376,0.020758472
306,1314067,0.4337,0.0001,8.755846,0.037245914,0.27082443,0.087201476,9.336113,0.015586027,0.27861023,0.016624684
307,1314581,0.5745,0.0001,8.490347,0.1811651,1.194458,0.16798572,9.703476,0.032017555,0.87542343,0.04596946
308,1314847,0.5205,0.0001,9.948751,0.10133347,1.7520447,0.060543742,11.206677,0.060130008,1.721775,0.020066831
309,1314897,0.3366,0.0001,9.512582,0.06397962,1.26651,0.062044375,10.867102,0.010348022,1.3558197,0.013907757
310,1315197,0.2082,0.0001,9.853788,0.040272083,1.4237785,0.09758508,10.109363,0.042758018,1.3626595,0.0705802
311,1315259,0.228,0.0001,8.993789,0.045778044,1.3120346,0.08497122,11.346215,0.010708065,1.3938751,0.01632751
312,1315296,0.4126,0.0001,9.069114,0.040641803,0.4107933,0.061110705,9.553701,0.016635373,0.372818,0.013986746
313,1315795,0.3781,0.0001,9.768047,0.13246584,1.6589775,0.086653404,11.265082,0.12867033,1.74477,0.011138951
314,1315818,0.5522,0.0001,9.67127,0.057086933,1.0690308,0.124294825,10.1092005,0.047205366,1.0698433,0.02590162
315,1315890,0.5670000000000001,0.0001,9.784327,0.068291485,1.54002,0.18482864,10.464798,0.022931311,1.2347641,0.02210955
316,1315910,0.3937,0.0001,9.8356285,0.08873013,0.861393,0.14178328,10.880206,0.012463121,0.9473114,0.014343162
317,1315950,0.3493,0.0001,9.634123,0.07026117,1.9740295,0.06342432,10.770987,0.03808264,1.8683891,0.014004218
318,1316437,0.482,0.0001,7.5884337,0.071150646,-0.14459991,0.26405656,10.244321,0.01925812,2.0821228,0.15710783
319,1316465,0.3291,0.0001,8.08246,0.041125096,0.2900467,0.0544558,9.09981,0.015281623,0.57987595,0.016696928
320,1316701,0.3612,0.0001,8.865286,0.04260727,0.5099106,0.053730164,9.484551,0.01808389,0.615715,0.020868355
321,1316831,0.4385,0.0001,9.299299,0.093784854,0.96689606,0.12039686,10.706755,0.011423311,1.0574722,0.015532101
322,1316884,0.4313,0.0001,9.714836,0.10170984,1.8392143,0.14038083,11.334001,0.038290456,1.8344727,0.016118413
323,1316989,0.5534,0.0001,8.756336,0.08420234,1.0278816,0.14553224,11.033144,0.014653631,1.1218529,0.0214276
324,1317526,0.4316,0.0001,8.8204565,0.055074845,0.47661972,0.08704557,9.139988,0.023917519,0.45962524,0.02103535
325,1317565,0.5349,0.0001,9.589123,0.035631582,1.0544243,0.119020924,10.759069,0.013178022,0.8033333,0.019565474
326,1317783,0.3944,0.0001,8.466636,0.05333157,0.19799042,0.062116228,8.921067,0.01510959,0.028396606,0.019365286
327,1318142,0.3207,0.0001,9.206445,0.041961182,0.55786896,0.049499605,9.967822,0.015455411,0.6506958,0.015249527
328,1318235,0.36,0.0001,8.899069,0.058763333,0.6247711,0.05666447,9.798235,0.01467053,0.5369911,0.015009125
329,1318266,0.4063,0.0001,10.538604,0.14252968,2.109089,0.07617407,10.732855,0.030246342,1.7261505,0.016280498
330,1318304,0.3976,0.0001,9.080586,0.045643702,1.1551933,0.06485819,9.596955,0.019350477,0.9990425,0.028120158
331,1318661,0.3445,0.0001,10.37518,0.13019136,1.8520088,0.07040224,10.804011,0.030635796,1.6941261,0.0152782295
332,1318689,0.4934,0.0001,8.237604,0.047542702,0.16056824,0.074065186,8.735378,0.06767987,0.21615982,0.10011792
333,1319066,0.3339999999999999,0.0001,8.567156,0.050995197,0.47691345,0.054786358,8.857268,0.03114802,0.497406,0.030924208
334,1319366,0.2348,0.0001,8.682579,0.062074475,0.47983932,0.06946249,9.512946,0.018740583,0.5803566,0.025064427
335,1319539,0.3718,0.0001,10.320392,0.04820962,1.5742722,0.047044966,10.529072,0.029410232,1.4304848,0.013596271
336,1319614,0.3392,0.0001,9.88425,0.08842014,1.7402496,0.053648394,10.075119,0.014849076,1.5791931,0.02194823
337,1319711,0.2417,0.0001,9.766803,0.050043307,1.7991219,0.08282809,10.144252,0.03971682,1.6678734,0.0178783
338,1319821,0.3088,0.0001,8.705451,0.04445005,0.82486725,0.06436269,10.244309,0.013862516,0.67155075,0.015078725
339,1319840,0.4897,0.0001,9.606764,0.09563641,0.9361191,0.19978392,10.283393,0.01441304,0.88657,0.018637013
340,1320126,0.5269,0.0001,10.115798,0.017835464,1.8174667,0.096298054,10.669042,0.024637464,1.6838379,0.02251594
341,1320278,0.5751,0.0001,9.959404,0.054492846,1.152874,0.13407546,10.928292,0.012667298,1.0158272,0.023312071
342,1320704,0.27,0.0001,10.352392,0.103423804,1.7235756,0.04656864,10.851992,0.011330726,1.3465042,0.0146187525
343,1320762,0.5134,0.0001,7.8476686,0.09394418,0.1555214,0.10594341,9.130704,0.025399517,0.15278625,0.02798902
344,1321006,0.3024,0.0001,9.453193,0.11288928,1.7964363,0.06870479,11.231265,0.11298658,1.8356056,0.024727905
345,1321338,0.3105,0.0001,9.370556,0.048485335,0.6535263,0.047645893,9.940674,0.013864271,0.65867233,0.01549487
346,1321450,0.2583,0.0001,8.483838,0.09142155,0.57562256,0.18994541,9.292725,0.017703436,0.6896095,0.034977954
347,1321492,0.5547,0.0001,10.079292,0.09355555,1.4122925,0.16246401,10.431902,0.041401263,1.4684525,0.029265637
348,1321973,0.3704,0.0001,10.624745,0.13101524,1.8379478,0.05840293,10.967865,0.044970505,1.4508514,0.013728295
349,1322819,0.3376,0.0001,9.472864,0.06882096,1.6574059,0.08911867,11.5162945,0.036896937,2.5817223,0.019791149
350,1322954,0.5433,0.0001,9.196418,0.047557645,1.4305992,0.17837483,10.220342,0.016039148,1.3136063,0.022068275
351,1323106,0.3442,0.0001,9.829599,0.033447318,0.7564125,0.039693043,10.32764,0.014887234,0.55605316,0.015027223
352,1323600,0.3704,0.0001,8.892302,0.05744141,0.64401627,0.053990796,10.610873,0.011341401,0.95620346,0.0142112095
353,1323988,0.5082,0.0001,10.264214,0.10682163,1.6761589,0.08705845,10.951759,0.02852681,1.6460457,0.020902283
354,1324509,0.2106,0.0001,9.982719,0.050974943,1.1504364,0.06437594,10.326053,0.01099952,0.9724617,0.0172161
355,1324562,0.353,0.0001,9.158047,0.052566327,1.0832748,0.09996129,10.292722,0.01368779,1.1300697,0.013433261
356,1324582,0.3819,0.0001,9.753642,0.13227983,1.8383217,0.048172724,11.05922,0.011243762,1.9196434,0.014383225
357,1324685,0.5418,0.0001,7.3232274,0.22568016,0.37716675,0.54433763,10.04954,0.013345874,0.8882561,0.020678723
358,1324790,0.3572,0.0001,8.19526,0.06174285,0.5495949,0.06990098,9.294003,0.034030285,0.5970421,0.024588102
359,1328016,0.3507,0.0001,10.450589,0.11423519,1.7369499,0.053530738,10.6701,0.057343617,1.656662,0.01865277
360,1328089,0.5686,0.0001,7.9151764,0.24015181,1.2002945,0.16849098,9.602154,0.01594373,0.46674728,0.028903104
361,1328105,0.4416,0.0001,9.270912,0.0543128,0.94376755,0.06686436,11.104287,0.012799149,1.1122437,0.0145462295
362,1329312,0.3444,0.0001,10.043885,0.06919011,1.8548813,0.059274636,10.821655,0.012610156,1.4615021,0.013748293
363,1329615,0.4036,0.0001,9.758101,0.104765065,1.5229874,0.0748176,10.892829,0.0686,1.6437454,0.01453178
364,1329622,0.4861,0.0001,9.0247345,0.043159284,0.78707886,0.10805675,9.798403,0.043801613,0.7157669,0.038943518
365,1330304,0.4209,0.0001,9.290316,0.019720353,1.4911766,0.051952463,10.814674,0.015236866,1.3938713,0.013712301
366,1330530,0.3363,0.0001,9.586577,0.032239385,1.4631805,0.035505515,9.973178,0.011489228,1.3448524,0.015597463
367,1330533,0.3644,0.0001,10.027332,0.10406834,1.6724205,0.047005802,10.167697,0.03888135,1.4784698,0.014867336
368,1331123,0.2216,0.0001,9.052981,0.055827674,1.4818726,0.06373725,11.135466,0.039862134,1.7441902,0.020203257
369,1331130,0.3919,0.0001,9.967218,0.09617862,1.5969543,0.058360085,10.410845,0.02989168,1.5149956,0.015504671
370,1331344,0.5499,0.0001,9.4449625,0.0665832,0.6662216,0.07017571,9.852719,0.05058809,0.7038002,0.021269195
371,1331513,0.4057,0.0001,9.52899,0.05682393,0.878891,0.06352875,9.808402,0.02878954,0.8174515,0.023755254
372,1332392,0.512,0.0001,9.51495,0.05411013,0.81734467,0.103604436,10.225466,0.040428348,0.72125626,0.03143967
373,1332614,0.5186,0.0001,9.477567,0.041593026,1.2953911,0.052880302,10.168012,0.015126996,1.2668114,0.021647297
374,1332689,0.4877,0.0001,9.319134,0.059056394,0.857811,0.0708063,9.80663,0.05873793,0.7791443,0.04455703
375,1332721,0.4222,0.0001,9.340209,0.024946809,1.0137863,0.038092118,9.895704,0.015390856,1.0321732,0.018701648
376,1332819,0.3418,0.0001,10.1142435,0.0596401,1.4142723,0.034092877,10.749883,0.024110219,1.4519043,0.014442012
377,1333246,0.4377,0.0001,10.1781225,0.051330462,1.3193703,0.07277113,10.7726345,0.01540333,1.1743469,0.01509571
378,1333291,0.3646,0.0001,9.449425,0.057696734,1.3583031,0.042632483,9.987675,0.03705064,1.2719917,0.013618956
379,1334087,0.2663,0.0001,9.412322,0.09227844,1.6406021,0.055186562,10.884528,0.07294917,1.7171249,0.03312388
380,1334423,0.3579,0.0001,8.822132,0.039769262,0.343853,0.050663125,9.23605,0.018940274,0.1382637,0.014260725
381,1334448,0.5169,0.0001,10.392544,0.12938522,1.9358292,0.10455816,10.7719145,0.03461466,1.8774338,0.023875957
382,1334620,0.1962,0.0001,9.6989975,0.033408962,1.0990715,0.044710513,10.133735,0.010174862,1.0705338,0.01822514
383,1334644,0.2881,0.0001,9.20736,0.13465977,1.816185,0.074032806,11.338243,0.017598234,1.7894745,0.01517903
384,1334645,0.2312,0.0001,8.995538,0.0474728,1.3302231,0.07536669,10.439086,0.03922738,1.2975616,0.03306351
385,1334742,0.5281,0.0001,9.412408,0.047101118,1.2848511,0.08219771,10.479487,0.035630252,1.6372681,0.028908871
386,1335305,0.3339999999999999,0.0001,8.692599,0.054049738,0.18503189,0.047870927,9.484139,0.01805348,0.16769409,0.0147354035
387,1335432,0.4269,0.0001,8.88388,0.04108044,0.8548317,0.051386666,10.194402,0.011641217,1.1606789,0.01574881
388,1335671,0.5244,0.0001,9.065334,0.057866324,1.2360153,0.10154818,10.996592,0.027847577,1.4101982,0.020665389
389,1335756,0.4493,0.0001,10.279139,0.09578282,1.6097488,0.0697861,10.465761,0.02237982,1.4179688,0.018652823
390,1335885,0.3993,0.0001,9.787046,0.025002912,1.3389549,0.042736113,10.824362,0.011782371,1.3837662,0.013765775
391,1336150,0.3481,0.0001,9.236892,0.031494513,0.6277847,0.045881696,9.57802,0.016715866,0.55343246,0.015803723
392,1336359,0.4282,0.0001,8.767666,0.05896294,0.5815811,0.08330732,9.179729,0.04129292,0.63311005,0.048244856
393,1336453,0.1849,0.0001,8.845352,0.058453653,0.48149872,0.08121436,9.141387,0.024444843,0.2883072,0.033931687
394,1336480,0.256,0.0001,9.137228,0.04855747,0.674057,0.047587596,9.953783,0.014344464,0.73762894,0.017902268
395,1336687,0.2338,0.0001,8.136771,0.08929382,0.13596725,0.081726514,8.560781,0.027718216,0.17090988,0.03712865
396,1337228,0.5774,0.0001,8.879888,0.060795546,0.5456734,0.09529493,9.768765,0.04970453,0.89845276,0.04428727
397,1337267,0.4532,0.0001,8.837634,0.041896176,0.20868301,0.058037322,9.235039,0.016364036,0.14130402,0.01954667
398,1337272,0.5036,0.0001,7.970254,0.09412045,-0.0466156,0.10790946,8.474286,0.097945645,0.31700516,0.12198206
399,1337321,0.5626,0.0001,10.942858,0.009098841,3.6039772,0.12518144,11.075982,0.044950094,1.6490707,0.02624903
400,1337687,0.3287,0.0001,8.194846,0.043711532,0.4274063,0.049753126,8.2553215,0.05740904,0.20488358,0.050701212
401,1337971,0.4107,0.0001,10.077688,0.120156646,1.7687416,0.068166524,10.335178,0.035923112,1.6890869,0.018317655
402,1338128,0.3117,0.0001,8.870239,0.047789928,0.49837112,0.049659166,8.9788885,0.02652858,0.42783737,0.0192597
403,1338170,0.3868,0.0001,9.472856,0.065617114,1.4155846,0.05764957,10.170705,0.022400443,1.3780365,0.013898675
404,1338324,0.4255,0.0001,9.522711,0.050747663,1.0993004,0.0747986,10.022975,0.015670456,1.0743484,0.02085944
405,1338430,0.5172,0.0001,9.302905,0.0940553,1.5061417,0.094017945,10.972812,0.03428467,1.4919319,0.017744634
406,1338471,0.5312,0.0001,9.26569,0.07534498,1.071888,0.07192951,10.24986,0.01594213,1.0234413,0.02204409
407,1338675,0.3306,0.0001,8.865399,0.050512597,0.4232254,0.054169826,9.272338,0.017312124,0.46450424,0.015865836
408,1338762,0.4205,0.0001,7.6409326,0.122693494,0.24789047,0.11642228,9.807644,0.022337843,0.35175323,0.015368601
409,1338959,0.4617,0.0001,9.533923,0.03388966,0.72968674,0.07854169,9.955343,0.01613342,0.5884285,0.016847637
410,1339425,0.5358,0.0001,10.265752,0.085965544,1.6187439,0.1327818,10.7586355,0.048918597,1.4973984,0.023918675
411,1339450,0.5505,0.0001,9.688094,0.05900404,1.1462288,0.11605518,11.173414,0.05660115,1.2116852,0.024705514
412,1339702,0.2562,0.0001,9.515686,0.031484373,0.82712555,0.039433323,9.834738,0.008775986,0.84155655,0.015905295
413,1339703,0.4927,0.0001,10.307912,0.04685827,1.4017792,0.09608963,10.708847,0.04405505,1.4292946,0.017020088
414,1339756,0.2753,0.0001,10.723881,0.103838556,1.8266258,0.048941806,11.006107,0.04847903,1.7632332,0.02446342
415,1339875,0.4594,0.0001,8.936116,0.061965995,0.61426926,0.09505623,10.285963,0.039802413,0.9035797,0.025381768
416,1340539,0.4477,0.0001,8.811863,0.039958593,0.55397034,0.058754336,9.11159,0.03139923,0.56342316,0.03696618
417,1340700,0.3255,0.0001,9.920116,0.042380035,1.2205696,0.045906916,10.356905,0.010469926,0.9346962,0.014547034
418,1340706,0.2932,0.0001,9.241895,0.045730777,0.801445,0.08115847,9.430749,0.015390979,0.6833458,0.017457383
419,1340954,0.3022,0.0001,9.617628,0.11491115,1.6858063,0.056105047,11.354257,0.07504046,1.7292366,0.0222116
420,1341000,0.542,0.0001,9.248476,0.0392492,0.6184349,0.120786905,9.727279,0.02723119,0.54545593,0.02001264
421,1341426,0.5532,0.0001,8.560603,0.053441774,0.4461937,0.08467004,9.657244,0.014821588,0.44047546,0.02537678
422,1341459,0.5222,0.0001,10.457336,0.07156068,1.5503349,0.10642853,11.0473385,0.029540246,1.1662903,0.01981841
423,1341502,0.5106,0.0001,9.481682,0.049957227,1.0053864,0.12715955,10.066548,0.014686017,0.92661285,0.01975123
424,1341857,0.5031,0.0001,10.015458,0.07233223,1.6791115,0.044869926,10.832092,0.06278358,1.5984726,0.01889169
425,1341894,0.3129,0.0001,9.27106,0.06606368,0.67938995,0.07238256,9.805179,0.015737288,0.5234146,0.016678208
426,1342255,0.2189,0.0001,8.170309,0.053460706,1.0336494,0.12442158,9.753673,0.010818795,0.97725296,0.017628184
427,1342647,0.5162,0.0001,9.373706,0.07049965,0.8397026,0.10596636,9.984937,0.013884581,0.5889778,0.020710658
428,1342712,0.5064,0.0001,10.39121,0.10035637,1.7737427,0.132214,10.735725,0.018338233,1.5945396,0.019099155
429,1342906,0.4974,0.0001,10.647177,0.102978006,1.69384,0.0841515,10.847504,0.02021928,1.5232964,0.01801186
430,1343401,0.3828,0.0001,9.949122,0.12378446,1.6801453,0.07477775,10.806867,0.05897711,1.6073494,0.015545838
431,1344347,0.2636,0.0001,9.51486,0.08031133,1.5429192,0.054040205,11.218836,0.048040926,1.6232109,0.017529374
432,1344355,0.2445,0.0001,7.5768647,0.06155577,0.8920708,0.19234152,9.102504,0.019406725,0.5174179,0.022538142
433,1345458,0.5687,0.0001,9.050418,0.025396096,0.26651382,0.06434893,9.832656,0.021527361,0.49882507,0.022382682
434,1345553,0.3179,0.0001,9.380023,0.049906973,1.0031128,0.061989833,9.810599,0.010289309,0.9549141,0.015613961
435,1346137,0.3633,0.0001,9.555391,0.044374254,0.6808357,0.044528544,9.892406,0.014002099,0.5788727,0.014434064
436,1346966,0.3351,0.0001,8.54919,0.058268018,0.7753067,0.0555164,9.48141,0.016858961,0.4195938,0.014826511
437,1366179,0.5346,0.0001,9.422719,0.029379586,0.7203102,0.049382787,10.043454,0.008486968,0.53927994,0.021438546
438,1366195,0.5531,0.0001,9.359863,0.03713775,0.99349976,0.14318202,10.421011,0.026403865,0.8830986,0.020938998
439,1366237,0.1701,0.0001,8.5328665,0.04940088,0.6921425,0.1197237,8.942098,0.03403165,0.47941208,0.043944843
440,1366475,0.4555,0.0001,8.591367,0.042179633,0.16207886,0.04446537,8.82031,0.02245689,0.0043144226,0.027498156
441,1366482,0.3215,0.0001,8.789403,0.053771343,0.23085785,0.06561318,9.29292,0.025990216,0.28579712,0.0155315455
442,1367331,0.4468,0.0001,8.940793,0.048839964,1.1518745,0.08089955,10.239849,0.018703531,1.1937256,0.01850204
443,1367408,0.5431,0.0001,10.393931,0.0370669,1.4267654,0.05866765,10.792177,0.011912871,1.3818283,0.02248669
444,1367571,0.4331,0.0001,8.981769,0.06993841,0.9529228,0.09174431,10.636394,0.013486444,1.0293503,0.01581834
445,1368131,0.307,0.0001,10.248414,0.030002858,1.4938965,0.045284927,10.917252,0.021771584,1.1812286,0.013842831
446,1368133,0.2762,0.0001,9.038746,0.037816413,1.0614281,0.055524968,9.437591,0.011358852,0.98249435,0.015348371
447,1368188,0.2366,0.0001,9.295691,0.04991989,1.1393166,0.1213575,10.7892275,0.00971434,1.3116608,0.016145712
448,1368482,0.5085,0.0001,9.828893,0.09239367,1.4681587,0.05515914,10.837523,0.043319073,1.5166855,0.02075842
449,1370135,0.5162,0.0001,9.086819,0.040822525,1.1060753,0.06153169,9.54548,0.044670906,1.1425705,0.06281318
450,1370320,0.3307,0.0001,9.433188,0.018642126,0.9459419,0.030228857,10.4508095,0.022357203,0.6357498,0.016310235
451,1370330,0.5295,0.0001,9.591698,0.051116165,0.6845436,0.05258752,10.401825,0.025748337,0.5914688,0.019995835
452,1370334,0.5324,0.0001,7.622466,0.054456033,-0.58097076,0.11853502,8.315034,0.15483198,-0.53277206,0.25341234
453,1370944,0.5095,0.0001,10.6397085,0.060375687,1.7655182,0.061437108,10.946981,0.033377323,1.7387238,0.020894978
454,1371022,0.2908,0.0001,8.15034,0.03755549,-0.017765045,0.057425413,8.4839525,0.024611706,-0.022533417,0.0372108
455,1371048,0.3439,0.0001,10.296693,0.09334222,1.7941856,0.041468304,10.756024,0.038177162,1.6938477,0.014373566
456,1372045,0.3769,0.0001,9.821901,0.0597854,1.6457748,0.039509185,10.127396,0.023820065,1.509491,0.019622236
457,1373028,0.2552,0.0001,10.387313,0.06975003,1.588028,0.072971396,11.085131,0.015091178,1.3937798,0.016381921
458,1373040,0.2617,0.0001,10.131357,0.10809208,1.7541313,0.05355502,10.790476,0.037200533,1.5437698,0.01611492
459,1373042,0.2372,0.0001,10.125459,0.090406366,1.6149216,0.060013227,10.583902,0.014806895,1.1940155,0.017337365
460,1376168,0.4924,0.0001,10.4203,0.06948186,1.772152,0.03628522,11.080971,0.031097034,1.6295471,0.01840662
461,1382058,0.5720000000000001,0.0001,9.674598,0.09639446,1.399498,0.08357678,10.519413,0.04904137,1.3441925,0.031266354
462,1385187,0.5221,0.0001,8.241137,0.08051053,0.57684326,0.09951807,9.119783,0.029000634,0.3931694,0.047456402
463,1389074,0.5028,0.0001,9.047237,0.04591203,0.513134,0.07270748,9.5788,0.011875956,0.4294243,0.01963031
464,1389177,0.4489,0.0001,10.114352,0.035886433,1.3981476,0.056474317,10.82641,0.04331439,1.3792572,0.016362455
465,1389210,0.5487,0.0001,8.545534,0.033529956,0.34812546,0.067483045,9.998401,0.012158579,0.43307114,0.022995695
466,1390393,0.5323,0.0001,10.1446295,0.11996255,1.5429268,0.057087254,10.949086,0.035138533,1.6361046,0.02006645
467,1392400,0.4521,0.0001,8.659566,0.071731284,0.18927002,0.06529698,9.066195,0.020765793,0.17064285,0.021505792
468,1403033,0.4743,0.0001,9.571091,0.032261938,1.1201935,0.05338811,10.544884,0.0150191,1.260849,0.017738722
469,1408024,0.4023,0.0001,8.713729,0.053841062,0.88879395,0.064895056,10.853219,0.011810007,1.1528778,0.012970499
470,1418043,0.4158,0.0001,10.194207,0.030962594,1.3840065,0.04382556,10.932874,0.011731066,1.4135551,0.015116972
471,1422097,0.1633,0.0001,10.405607,0.08123613,1.6866837,0.098319426,10.943824,0.08253324,1.672123,0.03806187
472,1430136,0.4125,0.0001,9.295921,0.037815154,0.427845,0.03892589,9.86142,0.01480635,0.54896927,0.015230683
473,1431096,0.4768,0.0001,8.641464,0.04395858,0.52666473,0.05803231,9.12497,0.03213033,0.38295364,0.04332687
474,1431163,0.3671,0.0001,9.174036,0.04993677,1.6573105,0.118203774,10.758708,0.040489063,1.4889336,0.014996067
475,1432017,0.3458,0.0001,10.314272,0.08683129,1.7571526,0.05137328,10.709442,0.07148194,1.7946968,0.016730404
476,1432027,0.3504,0.0001,9.41407,0.07474747,1.5347481,0.044918507,10.897869,0.034539144,1.5645943,0.014577963
477,1432141,0.5649,0.0001,8.800607,0.04318224,0.827446,0.063591175,10.131541,0.019005723,0.7440491,0.020777272
478,1434248,0.2373,0.0001,8.534761,0.07242524,1.4256859,0.095053524,11.16229,0.039355118,1.6466789,0.018260036
479,1435067,0.3914,0.0001,10.169313,0.05459892,1.8474426,0.036523785,10.554271,0.05339526,1.7353058,0.014691471
480,1439028,0.5542,0.0001,9.675883,0.044881824,1.7351761,0.14509039,10.3749485,0.032251675,1.6080093,0.025218546
481,1440057,0.5123,0.0001,8.916326,0.056648925,0.3921852,0.12515213,9.594206,0.017793406,0.34339523,0.022652535
482,1444028,0.5536,0.0001,8.556721,0.040128376,0.4004135,0.062144574,8.784456,0.0630908,0.14926147,0.088220984
483,1448122,0.5769,0.0001,8.869027,0.0418203,0.44846344,0.16568884,9.448898,0.0211287,0.46260452,0.022882365
484,1449074,0.3319,0.0001,10.172096,0.029351758,1.121376,0.037653923,10.56281,0.011504082,0.998127,0.013911975
485,1450148,0.4474,0.0001,7.663048,0.062215906,0.029029846,0.2333497,9.333324,0.035186835,0.5618324,0.04380109
486,1452059,0.5642,0.0001,8.831677,0.16466188,1.414154,0.15240057,10.363019,0.017541438,1.1442108,0.024767758
487,1469040,0.3267,0.0001,9.522368,0.045799933,0.515625,0.052079067,10.386366,0.018632786,0.44887924,0.015918288
488,1473027,0.5057,0.0001,9.21221,0.044207968,0.41082382,0.051291503,10.600721,0.015779506,0.68174744,0.02087795
489,1474020,0.5415,0.0001,8.814448,0.054187346,0.48381805,0.18060571,9.41455,0.025341814,0.6345978,0.021281283
490,1480038,0.3342,0.0001,9.926327,0.034069166,1.299633,0.037566762,10.430808,0.0122837825,1.1868095,0.013937014
491,1484053,0.4632,0.0001,9.16042,0.03450358,0.43304062,0.03481571,10.397739,0.017249659,0.54779434,0.01837207
492,1488029,0.4783,0.0001,9.08299,0.029453132,1.587204,0.084430635,11.040783,0.027676765,1.416317,0.016540837
493,1490034,0.53,0.0001,8.423478,0.047361612,0.15261841,0.072918065,8.942459,0.02311865,0.055339813,0.04012818
494,1500031,0.3661,0.0001,8.758319,0.0442121,0.75582504,0.04612056,9.178891,0.033290196,0.552639,0.022795536
495,1501075,0.3837,0.0001,10.210229,0.074026585,1.384079,0.051876776,10.641311,0.023229754,1.2234612,0.013902417
496,1502065,0.2732,0.0001,8.709213,0.033164587,0.88853073,0.04947096,9.217319,0.01717082,0.7724495,0.032043736
497,1503024,0.2769,0.0001,8.635039,0.14779496,1.8058167,0.1849311,11.291619,0.022648083,1.721653,0.014892339
498,1504096,0.5058,0.0001,10.458803,0.117394045,1.7490044,0.08009437,11.000567,0.03774708,1.5731583,0.01909029
499,1504139,0.5564,0.0001,8.503822,0.1452711,1.6408157,0.23914872,10.863403,0.013244899,1.087471,0.02298113
500,1513071,0.4029,0.0001,9.168634,0.047567617,0.865551,0.05080823,9.581186,0.0391045,0.72852707,0.02976653
501,1516019,0.4244,0.0001,8.58841,0.039995942,0.3893776,0.037055455,9.158984,0.029887503,0.45766068,0.029299265
502,1520020,0.3542,0.0001,8.569356,0.040764913,0.43865204,0.041087914,9.354496,0.015565219,0.45702744,0.0155511815
503,1531089,0.2915,0.0001,9.869671,0.09008253,1.6669807,0.04574664,10.121101,0.024166882,1.6002274,0.020228473
504,1531112,0.3347,0.0001,8.809166,0.06287459,0.62737274,0.06392548,9.401572,0.02817332,0.68659973,0.028580057
505,1531113,0.4569,0.0001,9.335051,0.102858774,0.7184677,0.120637804,9.887305,0.017595137,0.67349243,0.021488465
506,1531145,0.4567,0.0001,8.412138,0.046878804,0.4415245,0.09210959,9.420518,0.018720083,0.612751,0.021319754
507,1532057,0.504,0.0001,9.906612,0.07958882,1.4568405,0.050372023,10.236843,0.03604789,1.4130745,0.024835696
508,1536021,0.5341,0.0001,9.147684,0.04318754,1.1684685,0.06497192,10.025553,0.012245412,1.7115479,0.053767394
509,1536026,0.4413,0.0001,8.8390045,0.041717656,0.41235352,0.046262108,9.728869,0.015969861,0.40478897,0.015790785
510,1536028,0.4511,0.0001,9.413524,0.03308725,1.7215271,0.05341882,10.75067,0.040699314,1.6874275,0.017875494
511,1537020,0.4057,0.0001,8.152039,0.034111515,-0.19221497,0.031777713,8.409943,0.023766892,-0.11373901,0.017770395
512,1538019,0.2907,0.0001,8.288663,0.21753304,0.41450882,0.38342234,11.07093,0.042407867,1.5432243,0.019701967
513,1547071,0.2991,0.0001,9.423236,0.06729561,0.66469574,0.08056657,9.689143,0.02535196,0.4194603,0.02183022
514,1547086,0.2758,0.0001,8.633591,0.08045298,0.4787941,0.086130306,9.086941,0.015348955,0.6857033,0.021577382
515,1550021,0.2059,0.0001,9.147654,0.038671326,0.6582298,0.06461731,10.1985,0.010894657,0.7745018,0.020201217
516,1550103,0.5317,0.0001,8.017887,0.050328735,0.03330612,0.099744,9.197785,0.01660181,0.20940018,0.02573577
517,1552028,0.4518,0.0001,9.501938,0.04844206,0.9953346,0.0948344,10.15354,0.05311478,0.86917496,0.036098223
518,1560034,0.2689,0.0001,9.871661,0.030338213,1.5709305,0.029947342,10.146638,0.01222005,1.4640007,0.01569294
519,1562077,0.4784,0.0001,8.62103,0.050376873,0.26566696,0.06512457,9.054195,0.021119155,0.40680695,0.02228134
520,1562098,0.5762,0.0001,8.825823,0.038530048,0.39012146,0.07385009,9.362812,0.028287664,0.4193573,0.03253456
521,1565032,0.461,0.0001,9.224596,0.05129302,1.2776489,0.06711106,10.724163,0.028332751,1.3418274,0.01568011
522,1566028,0.3206,0.0001,9.836246,0.08814688,1.4813004,0.06300534,10.290867,0.06110718,1.3869095,0.0148940785
523,1567044,0.4227,0.0001,10.359039,0.117150165,1.6495285,0.03973702,10.780113,0.075642586,1.6372871,0.016375815
524,1569050,0.3299,0.0001,8.7346115,0.043550387,0.24219894,0.036957357,8.906879,0.025541726,0.17400742,0.017035566
525,1570024,0.5506,0.0001,10.419979,0.07894439,1.5291672,0.06217457,10.85768,0.03207285,1.4649887,0.028747762
526,1574017,0.5329,0.0001,9.339219,0.05181807,0.8169441,0.059601657,10.030649,0.016606068,0.8589897,0.021775136
527,1574062,0.5502,0.0001,10.042432,0.124087155,1.4837494,0.09212127,10.263362,0.014290187,0.97227097,0.020979924
528,1578103,0.1601,0.0001,9.707171,0.047155052,1.5933762,0.056787476,10.088688,0.031430524,1.5722122,0.034374185
529,1581048,0.4018,0.0001,9.487052,0.039785244,0.6110115,0.054300517,9.845476,0.016813166,0.62649155,0.0124020595
530,1592028,0.3251,0.0001,9.168134,0.03325178,1.143528,0.04768959,10.198837,0.01177581,1.4243622,0.01406108
531,1593067,0.3478,0.0001,10.098052,0.043761954,1.4248657,0.040019576,10.436907,0.012045426,1.2269707,0.014004034
532,1595028,0.4652,0.0001,8.833749,0.04922957,1.0497398,0.069974996,9.926339,0.019013625,1.1896706,0.024224766
533,1595127,0.5693,0.0001,9.368409,0.113963656,1.5465012,0.11755425,10.985548,0.023007903,1.4418907,0.022579618
534,1596033,0.4694,0.0001,8.79709,0.06729279,0.63959503,0.06633802,9.239412,0.03862321,0.45631027,0.039812934
535,1599030,0.3677,0.0001,7.5017014,0.12205808,0.38191223,0.14369904,8.517798,0.05072988,0.14345169,0.05797825
536,1618036,0.3922,0.0001,8.773316,0.04516585,0.61227417,0.057025008,10.111395,0.014258459,0.6520157,0.015093452
537,1621023,0.5456,0.0001,10.181972,0.100974984,1.9118385,0.06144266,10.817427,0.02789192,1.6361351,0.026194092
538,1622075,0.3295,0.0001,10.584836,0.1218997,1.9261818,0.056576595,10.859931,0.039808095,1.6802444,0.014613442
539,1625037,0.3186,0.0001,8.76044,0.03185788,1.6081085,0.10433641,10.639422,0.01247651,1.1683121,0.014063892
540,1632070,0.4251,0.0001,9.267577,0.052797254,0.73670197,0.063684225,9.831387,0.018955303,0.4709587,0.013280333
541,1634024,0.5763,0.0001,9.847166,0.065633655,1.6454697,0.14611146,10.296849,0.018751176,1.6193962,0.04044085
542,1636043,0.5394,0.0001,8.9974785,0.04661464,0.6292343,0.054396212,10.010685,0.010106555,0.50440216,0.02144869
543,1636093,0.4778,0.0001,9.1946745,0.038686365,0.48974228,0.044530883,9.806444,0.012775477,0.55057144,0.01691474
544,1638030,0.3714,0.0001,10.469126,0.10337351,1.7709007,0.052285966,10.70976,0.059256814,1.7080765,0.015171124
545,1641279,0.2239999999999999,0.0001,10.516943,0.089153185,1.6133461,0.06648122,10.933275,0.06578333,1.550045,0.053131647
546,1641288,0.5453,0.0001,9.676353,0.043024324,1.4947472,0.05885306,10.344158,0.03229624,1.6098175,0.030439897
547,1643292,0.4918,0.0001,9.269891,0.052241914,0.9283714,0.05948148,10.140255,0.019503586,1.0189667,0.019592727
548,1643312,0.3404,0.0001,9.94264,0.055798486,1.6963577,0.05584124,10.366488,0.06986144,1.5659523,0.017012332
549,1643313,0.3903,0.0001,9.365058,0.05171377,0.7777672,0.047520544,10.715862,0.012532715,0.932209,0.013623282
550,1643316,0.5489,0.0001,10.284731,0.038940053,1.0139351,0.06991382,10.993063,0.013477355,0.94914246,0.020564005
551,1644211,0.4574,0.0001,9.269653,0.07849983,1.2474213,0.044610318,10.784867,0.027542021,1.4452362,0.0156068085
552,1644213,0.5451,0.0001,9.94877,0.054472726,1.544281,0.060750213,10.478247,0.038875714,1.4993896,0.02399482
553,1644290,0.5373,0.0001,10.128691,0.04065016,1.193924,0.08050361,10.833037,0.013505378,0.91283417,0.020589331
554,1645158,0.3605,0.0001,9.970797,0.09441225,1.6202774,0.035414208,10.115685,0.05475043,1.6637726,0.019530647
555,1645195,0.5258,0.0001,9.537931,0.042409863,0.75141907,0.06309386,10.182419,0.024369426,0.6679344,0.02053909
556,1650024,0.3099,0.0001,9.560951,0.028752394,1.1815758,0.037478615,10.044581,0.011919959,1.208538,0.016418327
557,1653101,0.33,0.0001,9.830916,0.04831148,1.510292,0.06937308,10.248359,0.010327987,1.3394318,0.013906578
558,1655086,0.4278,0.0001,8.241419,0.055598244,0.42456055,0.08897687,8.862387,0.022390591,0.35054016,0.022740254
559,1659122,0.5187,0.0001,8.37684,0.040695667,0.24325943,0.0535684,9.2768955,0.018848259,0.13426971,0.026312098
560,1660018,0.4344,0.0001,8.166854,0.104916565,0.3685074,0.09953122,9.838616,0.01602557,0.44024277,0.01339832
561,1662023,0.3127,0.0001,9.277895,0.027304724,1.0472946,0.045934323,10.330054,0.011752725,1.2098503,0.014063002
562,1673068,0.5278,0.0001,10.222456,0.08461786,1.5316849,0.094032794,10.869917,0.037554815,1.4123459,0.02329971
563,1676034,0.5113,0.0001,8.224849,0.09156421,0.02123642,0.07767114,9.618516,0.019864272,0.38328552,0.024398662
564,1699061,0.5357,0.0001,9.920169,0.07595103,1.5568581,0.06634887,10.603583,0.029319808,1.704876,0.023493769
565,1699105,0.4659,0.0001,9.364666,0.079607956,0.7603111,0.07969171,10.829785,0.016529383,1.1179123,0.016966863
566,1701055,0.264,0.0001,10.065018,0.04199644,1.2108383,0.0509677,10.46119,0.011788968,0.9427719,0.015141725
567,1702083,0.3888,0.0001,9.237846,0.035751183,0.428627,0.03380078,9.49398,0.013117129,0.43401337,0.013661054
568,1702096,0.3881,0.0001,9.428677,0.04503574,1.470295,0.05232443,10.2231455,0.011791204,1.308876,0.015859837
569,1703072,0.4942,0.0001,9.563414,0.08038675,0.69003296,0.07498576,10.311166,0.0373661,0.7306137,0.030201063
570,1770386,0.368,0.0001,9.017833,0.1219367,1.720398,0.08536591,10.739111,0.02603108,1.6574478,0.013475974
571,1770442,0.3458,0.0001,8.305289,0.22372617,2.2931519,0.3761569,10.589284,0.06043106,1.5698204,0.01778771
572,1773049,0.3502,0.0001,9.464402,0.026018567,1.0763016,0.032530364,10.086051,0.014120534,1.0404053,0.0136645185
573,1773078,0.2714,0.0001,8.275096,0.04594648,0.21597672,0.05603447,9.758543,0.015334353,0.45502472,0.01953265
574,1773237,0.3919,0.0001,10.0165,0.04264254,0.90037537,0.050939843,10.274549,0.013516049,0.74295425,0.014881707
575,1774072,0.2855,0.0001,9.48939,0.02606909,0.86172104,0.0484915,10.417145,0.0127004925,0.77544785,0.01568398
576,1776329,0.4244,0.0001,8.324587,0.05643491,0.3768425,0.05196474,8.963453,0.050291553,0.35868454,0.04261792
577,1777082,0.5121,0.0001,8.830461,0.050005812,0.81212234,0.074517444,10.413969,0.015956422,0.634182,0.019957483
578,1777216,0.5763,0.0001,9.948607,0.0366383,1.1454964,0.058097653,10.852118,0.015349456,1.1567726,0.023538902
579,1780122,0.5099,0.0001,10.05433,0.06250584,1.1069984,0.055901896,10.545273,0.01937202,1.0588799,0.020170273
580,1782065,0.2017,0.0001,10.092008,0.10573629,1.6693726,0.062302165,10.393214,0.07593446,1.6441269,0.04391944
581,1790098,0.3924,0.0001,8.649395,0.03726206,0.6193733,0.051966,8.862738,0.058793657,0.51791763,0.04888972
582,1791116,0.3119,0.0001,9.333223,0.02544655,1.1026688,0.03918138,10.906042,0.010586842,1.33004,0.013998098
583,1792093,0.2766,0.0001,9.551472,0.034022357,1.1038742,0.052773252,10.010731,0.010660148,1.0538406,0.015094656
584,1797044,0.4667,0.0001,9.121911,0.044023074,0.7400093,0.09470659,10.095651,0.023502734,0.8330116,0.02171393
585,1810037,0.4965,0.0001,8.799443,0.03247898,0.5152817,0.05396916,9.269905,0.037137065,0.5474243,0.039355498
586,1810087,0.5594,0.0001,9.106167,0.042413987,0.70399857,0.06698729,9.97134,0.011393782,0.60479736,0.022317987
587,1811099,0.4901,0.0001,10.241281,0.06057404,1.832901,0.049972724,10.801768,0.04399987,1.6510811,0.018162785
588,1817269,0.5301,0.0001,9.024226,0.03372378,0.53068924,0.118419215,9.568298,0.005503887,0.57938385,0.020219158
589,1833067,0.5558,0.0001,8.625693,0.038686447,0.19929504,0.058730543,9.572974,0.014709532,0.37747574,0.025014311
590,1834104,0.2393,0.0001,9.225863,0.02002103,0.89294815,0.041404177,10.396645,0.008967934,0.8759041,0.016768131
591,1835110,0.3455,0.0001,7.908807,0.05456636,0.20253372,0.05702108,8.580139,0.041036777,0.15910721,0.036682505
592,1840041,0.2389,0.0001,9.7817,0.0920486,1.6232147,0.07348033,9.855648,0.057390805,1.5260544,0.03741196
593,1847079,0.3304,0.0001,8.724275,0.04183207,0.22795486,0.050660968,9.300151,0.020775123,0.18554306,0.015200991
594,1847148,0.5063,0.0001,10.252664,0.070599005,1.3221779,0.06921826,10.756772,0.012631045,0.9101982,0.018859956
595,1847151,0.4068,0.0001,9.4677305,0.028377654,1.5649452,0.04605054,10.839562,0.03338585,1.4577293,0.013764597
596,1847165,0.3875,0.0001,8.168133,0.048708852,0.5232239,0.08143403,8.84691,0.030473484,0.21282578,0.03993878
597,1847216,0.4791,0.0001,9.923268,0.04384301,1.4450493,0.064894564,10.443291,0.018013239,1.266285,0.019356761
598,1847303,0.4796,0.0001,8.684144,0.03788442,0.5578346,0.10610218,8.864436,0.029144818,0.36273956,0.033078384
599,1849051,0.3055,0.0001,8.330143,0.052546334,0.47828674,0.052822962,10.190968,0.013866154,0.77368546,0.015227114
600,1849244,0.5770000000000001,0.0001,9.188577,0.053908747,0.57798386,0.08219851,10.405147,0.012525575,0.8468704,0.02293119
601,1850045,0.3131,0.0001,8.0102625,0.1079172,1.0936623,0.28828,10.205994,0.013333466,1.4400063,0.014959208
602,1850249,0.4994,0.0001,10.429547,0.12174472,1.7541008,0.047332443,11.620489,0.09665031,1.7866135,0.019678492
603,1854103,0.4668,0.0001,9.003865,0.06357239,1.060749,0.07427516,10.847224,0.012920979,1.13657,0.016713573
604,1860025,0.2353,0.0001,8.709515,0.04744014,0.51457596,0.07759261,8.949471,0.018492445,0.51049423,0.031042116
605,1861178,0.2909,0.0001,9.221598,0.032977957,0.7516098,0.039054744,9.638916,0.016380481,0.6504555,0.02018404
606,1861210,0.5423,0.0001,8.134705,0.052425317,0.3321228,0.076723635,9.365852,0.025442736,0.46217728,0.02832182
607,1862039,0.287,0.0001,9.089623,0.075621225,1.6065903,0.051846094,10.556184,0.04154124,1.6387215,0.022366032
608,1862334,0.5496,0.0001,10.034419,0.0418276,1.4488792,0.078431495,10.683954,0.045080822,1.3612709,0.02674702
609,1867019,0.221,0.0001,9.270317,0.023567809,1.0406189,0.04511879,10.201486,0.010658806,1.008606,0.017822035
610,1872027,0.1963,0.0001,9.6706,0.020838333,0.9954071,0.035965126,10.354725,0.011287308,1.1060867,0.017696714
611,1876287,0.5644,0.0001,9.849983,0.059875835,1.5621262,0.058669604,10.532749,0.018115701,1.5254822,0.026100352
612,1876308,0.4212,0.0001,8.53258,0.04708877,0.6222534,0.054454397,8.7772045,0.05227878,0.30933762,0.05716816
613,1876421,0.3431,0.0001,8.828704,0.050362714,0.32226944,0.054672025,9.263772,0.016745783,0.36903,0.015433201
614,1876533,0.4898,0.0001,8.528635,0.18937892,0.8180237,0.13299783,10.786947,0.012246008,1.1220665,0.016838273
615,1878148,0.2245,0.0001,9.282317,0.030676743,1.1074181,0.05345341,10.442002,0.0114400815,1.1477432,0.016331723
616,1878288,0.4845,0.0001,9.968018,0.033204313,1.3289337,0.03783442,10.370138,0.014919969,0.99315643,0.01774766
617,1878756,0.5529,0.0001,9.281245,0.046511255,1.3193398,0.09312424,10.615378,0.015077024,1.1805573,0.022415048
618,1879256,0.2494,0.0001,8.855088,0.03972309,0.69937515,0.0707336,9.104565,0.01778785,0.63848877,0.025377152
619,1879414,0.3783,0.0001,7.597063,0.043053273,0.55836105,0.12894659,7.9046717,0.13003467,0.43299484,0.23950584
620,1879532,0.3772,0.0001,9.833633,0.081096776,1.3680344,0.053553373,10.673264,0.04559533,1.4329758,0.014559498
621,1880429,0.4971,0.0001,8.376036,0.053167958,0.19831467,0.074002974,9.858761,0.013971451,0.30452728,0.017599277
622,1880632,0.4054,0.0001,10.160284,0.05672797,1.7486496,0.063629344,10.802492,0.07451262,1.6417389,0.013742644
623,1880686,0.3141,0.0001,10.062774,0.0867661,1.7245445,0.03487968,10.548026,0.054210342,1.5806274,0.01784933
624,1882097,0.4799,0.0001,9.064751,0.03502981,0.3335228,0.056482233,9.859667,0.014259822,0.39014053,0.018593704
625,1883111,0.4328,0.0001,10.015289,0.04669874,1.5876198,0.05549759,10.500199,0.02748141,1.5492821,0.01680861
626,1883166,0.5135,0.0001,9.970877,0.049341112,1.6679077,0.061905418,10.772193,0.032749247,1.5196075,0.024147917
627,1887027,0.2129,0.0001,8.241498,0.051869493,1.2443657,0.14107087,10.80624,0.0102924695,1.1948318,0.017208138
628,1889211,0.4635,0.0001,10.25438,0.06747408,1.5893364,0.047631945,11.036939,0.038030982,1.5755196,0.016652262
629,1891082,0.5706,0.0001,8.701291,0.039975837,0.414711,0.06454734,9.516142,0.03625912,0.41727448,0.02966761
630,1895036,0.4519,0.0001,9.262133,0.061834417,1.0379868,0.04674178,10.104813,0.01588326,0.9628906,0.017193025
631,1895233,0.5704,0.0001,9.041055,0.043743823,0.5615082,0.106752366,9.689654,0.011327676,0.5712013,0.022904873
632,1896111,0.4924,0.0001,10.327882,0.08646178,1.96595,0.11355669,11.092977,0.020453548,1.4318314,0.017030094
633,1896254,0.5528,0.0001,8.029769,0.04463203,0.00881958,0.04750691,8.521501,0.086043775,-0.020706177,0.077627204
634,1897267,0.3192,0.0001,9.135006,0.025566708,0.40740585,0.043001935,9.544978,0.020505115,0.3501854,0.016038477
635,1899053,0.5375,0.0001,9.996874,0.04252193,1.5571213,0.0517381,10.587991,0.013180351,1.2641106,0.02170229
636,1899442,0.4314,0.0001,8.83606,0.19314285,2.1388016,0.15816388,10.971088,0.030078294,1.6646156,0.015788987
637,1900662,0.4479,0.0001,9.300758,0.07555517,0.9053383,0.06290238,10.322607,0.029734135,0.8806267,0.023954421
638,1901059,0.2513,0.0001,8.559587,0.07212109,0.5497093,0.078521095,9.154489,0.028961543,0.6180992,0.036159422
639,1901115,0.2987,0.0001,9.275173,0.036635444,1.2986374,0.050197612,10.21014,0.0125008365,1.1693535,0.015051235
640,1901738,0.4698,0.0001,10.147021,0.091593616,1.3567734,0.098596595,10.757441,0.031940058,1.3378067,0.015843906
641,1901798,0.4758,0.0001,10.126841,0.08955997,1.1185379,0.053631287,10.714449,0.019538354,1.0807838,0.015240528
642,1901803,0.5025,0.0001,9.605722,0.034651354,1.3531151,0.05121374,11.09536,0.025556495,1.6775475,0.021344846
643,1902212,0.2816,0.0001,8.311298,0.06792113,0.41750717,0.06614283,9.674387,0.025028143,0.4297676,0.021472463
644,1904092,0.368,0.0001,10.038271,0.02134468,1.3246841,0.030395048,10.836788,0.011258885,1.2737427,0.014058258
645,1904152,0.4402,0.0001,9.847317,0.10294042,1.5052643,0.101754725,10.915489,0.013886083,1.2643967,0.015491342
646,1905171,0.3031,0.0001,8.816997,0.059185956,0.3947258,0.056924473,9.184966,0.02188531,0.37114716,0.01899862
647,1905244,0.3618,0.0001,10.038144,0.06560877,1.7716026,0.047851846,10.60662,0.01982791,1.6555672,0.0135086635
648,1908380,0.4367,0.0001,10.492658,0.10053402,1.8078384,0.036460146,10.982022,0.06550662,1.6662407,0.017024413
649,1909375,0.3375,0.0001,9.525525,0.08740724,1.6449623,0.055826213,10.438083,0.013046033,1.4720383,0.014061103
650,1910132,0.2629,0.0001,10.289012,0.110673234,1.8267822,0.05714274,11.221259,0.0197043,1.7469902,0.016457641
651,1912110,0.5376,0.0001,9.099031,0.026604759,0.32904434,0.053834442,9.785985,0.009541365,0.41425323,0.022648787
652,1913214,0.3161,0.0001,9.362115,0.042903136,1.4524307,0.05441988,10.599282,0.06912186,1.5518303,0.021927118
653,1915067,0.457,0.0001,9.561735,0.03862222,1.1948662,0.046201054,10.69014,0.016080024,1.0979538,0.015922671
654,1915087,0.561,0.0001,10.066794,0.10127049,1.5596085,0.085384846,10.520907,0.04689161,1.3865242,0.033443782
655,1915184,0.5246,0.0001,8.527208,0.050376557,0.5191994,0.071692795,9.814523,0.010397723,0.41176987,0.019910369
656,1916124,0.4307,0.0001,9.21799,0.040909067,0.35889435,0.04978961,9.549226,0.01752255,0.28193283,0.01404598
657,1916207,0.4084,0.0001,8.677697,0.045336023,0.79901505,0.055409558,9.442828,0.022881402,0.36531448,0.016632168
658,1918076,0.3697,0.0001,9.016915,0.04649296,0.39691162,0.07590555,9.767211,0.014540376,0.5270424,0.013892295
659,1920365,0.3696,0.0001,8.452511,0.058495563,1.2784576,0.10936627,10.563699,0.01270625,1.1835518,0.013959552
660,1921361,0.3446,0.0001,8.071109,0.048727382,0.2693138,0.048618153,8.335875,0.06328554,0.3678093,0.06511821
661,1922297,0.4323,0.0001,7.9745355,0.061366517,0.77911377,0.22687216,9.910245,0.0145419035,0.70542526,0.01606938
662,1922405,0.5162,0.0001,8.548876,0.030151421,0.60227203,0.084569715,9.601564,0.019506752,0.54813385,0.021871887
663,1923060,0.3825,0.0001,8.411356,0.044499423,0.3418312,0.05995194,10.261394,0.017270086,0.6801033,0.015395889
664,1929024,0.3156,0.0001,9.209552,0.044910975,1.1003036,0.044147972,9.875087,0.0116069885,0.84734726,0.014034809
665,1929063,0.2221,0.0001,9.320525,0.029898657,1.073761,0.055031784,9.771304,0.010610493,0.9854126,0.017198134
666,1929216,0.3358,0.0001,9.310074,0.06346514,0.697361,0.058432,9.987576,0.01306075,0.7176666,0.014523626
667,1933020,0.4589,0.0001,8.815444,0.1751265,0.80075073,0.10531286,9.689476,0.019862134,0.99432373,0.025316719
668,1933168,0.435,0.0001,8.386369,0.3058665,0.7106323,0.14896435,11.184498,0.0809829,1.6857681,0.018416546
669,1936171,0.4734,0.0001,9.970368,0.048253626,1.2073326,0.0573591,10.960598,0.015978575,1.2744408,0.015492003
670,1942106,0.5658,0.0001,10.0076275,0.106784016,1.6652489,0.07534764,11.179615,0.048646007,1.6068573,0.030653564
671,1943111,0.3156,0.0001,9.246813,0.1057843,1.5833969,0.07072585,11.108506,0.054481376,1.7242813,0.01669279
672,1945116,0.5447,0.0001,9.940454,0.032883942,1.1671715,0.06900858,10.40739,0.0128697585,0.99547577,0.021417769
673,1956190,0.3837,0.0001,9.552195,0.095870346,1.5477257,0.042860415,10.399222,0.04345546,1.5403099,0.019678386
674,1960031,0.5656,0.0001,9.481508,0.057399414,0.6381149,0.069817595,9.886539,0.054630164,0.6116905,0.022238694
